-- phpMyAdmin SQL Dump
-- version 4.9.5
-- https://www.phpmyadmin.net/
--
-- Host: localhost:3306
-- Generation Time: Jul 22, 2021 at 03:54 PM
-- Server version: 5.7.33
-- PHP Version: 7.3.27

SET SQL_MODE = "NO_AUTO_VALUE_ON_ZERO";
SET AUTOCOMMIT = 0;
START TRANSACTION;
SET time_zone = "+00:00";


/*!40101 SET @OLD_CHARACTER_SET_CLIENT=@@CHARACTER_SET_CLIENT */;
/*!40101 SET @OLD_CHARACTER_SET_RESULTS=@@CHARACTER_SET_RESULTS */;
/*!40101 SET @OLD_COLLATION_CONNECTION=@@COLLATION_CONNECTION */;
/*!40101 SET NAMES utf8mb4 */;

--
-- Database: `btninfos_crbt`
--

-- --------------------------------------------------------

--
-- Table structure for table `tbl_access_log`
--

CREATE TABLE `tbl_access_log` (
  `log_id` int(11) NOT NULL,
  `login_by` varchar(255) NOT NULL,
  `browser` varchar(255) NOT NULL,
  `ip` varchar(255) NOT NULL,
  `status` int(11) NOT NULL DEFAULT '1',
  `created_at` datetime NOT NULL,
  `updated_at` datetime NOT NULL
) ENGINE=MyISAM DEFAULT CHARSET=latin1;

--
-- Dumping data for table `tbl_access_log`
--

INSERT INTO `tbl_access_log` (`log_id`, `login_by`, `browser`, `ip`, `status`, `created_at`, `updated_at`) VALUES
(1, 'Admin', 'Mozilla/5.0 (Windows NT 6.3; Win64; x64) AppleWebKit/537.36 (KHTML, like Gecko) Chrome/83.0.4103.116 Safari/537.36', '47.15.0.149', 2, '0000-00-00 00:00:00', '0000-00-00 00:00:00'),
(2, 'Admin', 'Google Chrome', '47.15.0.149', 1, '0000-00-00 00:00:00', '0000-00-00 00:00:00'),
(3, 'Admin', 'Mozilla/5.0 (Windows NT 10.0; Win64; x64) AppleWebKit/537.36 (KHTML, like Gecko) Chrome/83.0.4103.116 Safari/537.36', '116.206.202.175', 2, '0000-00-00 00:00:00', '0000-00-00 00:00:00'),
(4, 'Admin', 'Mozilla/5.0 (Windows NT 10.0; Win64; x64) AppleWebKit/537.36 (KHTML, like Gecko) Chrome/83.0.4103.116 Safari/537.36', '116.206.202.175', 2, '0000-00-00 00:00:00', '0000-00-00 00:00:00'),
(5, 'Admin', 'Google Chrome', '116.206.202.175', 1, '0000-00-00 00:00:00', '0000-00-00 00:00:00'),
(6, 'Admin', 'Mozilla/5.0 (Windows NT 6.3; Win64; x64) AppleWebKit/537.36 (KHTML, like Gecko) Chrome/83.0.4103.116 Safari/537.36', '47.15.0.149', 2, '0000-00-00 00:00:00', '0000-00-00 00:00:00'),
(7, 'Admin', 'Google Chrome', '116.206.202.124', 1, '0000-00-00 00:00:00', '0000-00-00 00:00:00'),
(8, 'Admin', 'Google Chrome', '116.206.203.131', 1, '0000-00-00 00:00:00', '0000-00-00 00:00:00'),
(9, 'Admin', 'Google Chrome', '47.15.55.56', 1, '0000-00-00 00:00:00', '0000-00-00 00:00:00'),
(10, 'Admin', 'Google Chrome', '116.206.202.171', 1, '0000-00-00 00:00:00', '0000-00-00 00:00:00'),
(11, 'Admin', 'Google Chrome', '116.206.202.171', 1, '0000-00-00 00:00:00', '0000-00-00 00:00:00'),
(12, 'Admin', 'Google Chrome', '47.15.18.132', 1, '0000-00-00 00:00:00', '0000-00-00 00:00:00'),
(13, 'Admin', 'Mozilla/5.0 (Windows NT 10.0; Win64; x64) AppleWebKit/537.36 (KHTML, like Gecko) Chrome/83.0.4103.116 Safari/537.36', '116.206.202.57', 2, '0000-00-00 00:00:00', '0000-00-00 00:00:00'),
(14, 'Admin', 'Mozilla/5.0 (Windows NT 10.0; Win64; x64) AppleWebKit/537.36 (KHTML, like Gecko) Chrome/83.0.4103.116 Safari/537.36', '116.206.202.57', 2, '0000-00-00 00:00:00', '0000-00-00 00:00:00'),
(15, 'Admin', 'Google Chrome', '116.206.202.57', 1, '0000-00-00 00:00:00', '0000-00-00 00:00:00'),
(16, 'Admin', 'Mozilla/5.0 (Windows NT 10.0; Win64; x64) AppleWebKit/537.36 (KHTML, like Gecko) Chrome/83.0.4103.116 Safari/537.36', '116.206.202.57', 2, '0000-00-00 00:00:00', '0000-00-00 00:00:00'),
(17, 'Admin', 'Google Chrome', '116.206.202.57', 1, '0000-00-00 00:00:00', '0000-00-00 00:00:00'),
(18, 'Admin', 'Mozilla/5.0 (Windows NT 10.0; Win64; x64) AppleWebKit/537.36 (KHTML, like Gecko) Chrome/83.0.4103.116 Safari/537.36', '116.206.202.57', 2, '0000-00-00 00:00:00', '0000-00-00 00:00:00'),
(19, 'Admin', 'Mozilla/5.0 (Windows NT 10.0; Win64; x64) AppleWebKit/537.36 (KHTML, like Gecko) Chrome/83.0.4103.116 Safari/537.36', '116.206.202.57', 2, '0000-00-00 00:00:00', '0000-00-00 00:00:00'),
(20, 'Admin', 'Google Chrome', '116.206.202.4', 1, '0000-00-00 00:00:00', '0000-00-00 00:00:00'),
(21, 'Admin', 'Google Chrome', '47.15.63.212', 1, '0000-00-00 00:00:00', '0000-00-00 00:00:00'),
(22, 'Admin', 'Google Chrome', '116.206.202.192', 1, '0000-00-00 00:00:00', '0000-00-00 00:00:00'),
(23, 'Admin', 'Google Chrome', '116.206.202.58', 1, '0000-00-00 00:00:00', '0000-00-00 00:00:00'),
(24, 'Admin', 'Google Chrome', '116.206.202.58', 1, '0000-00-00 00:00:00', '0000-00-00 00:00:00'),
(25, 'Admin', 'Google Chrome', '116.206.202.58', 1, '0000-00-00 00:00:00', '0000-00-00 00:00:00'),
(26, 'Admin', 'Google Chrome', '47.15.49.208', 1, '0000-00-00 00:00:00', '0000-00-00 00:00:00'),
(27, 'Admin', 'Google Chrome', '47.15.49.208', 1, '0000-00-00 00:00:00', '0000-00-00 00:00:00'),
(28, 'Admin', 'Google Chrome', '116.206.202.153', 1, '0000-00-00 00:00:00', '0000-00-00 00:00:00'),
(29, 'Admin', 'Google Chrome', '116.206.202.153', 1, '0000-00-00 00:00:00', '0000-00-00 00:00:00'),
(30, 'Admin', 'Google Chrome', '116.206.202.153', 1, '0000-00-00 00:00:00', '0000-00-00 00:00:00'),
(31, 'Admin', 'Google Chrome', '116.206.203.151', 1, '0000-00-00 00:00:00', '0000-00-00 00:00:00'),
(32, 'Admin', 'Google Chrome', '157.40.30.70', 1, '0000-00-00 00:00:00', '0000-00-00 00:00:00'),
(33, 'Admin', 'Google Chrome', '116.206.202.153', 1, '0000-00-00 00:00:00', '0000-00-00 00:00:00'),
(34, 'Admin', 'Google Chrome', '116.206.203.151', 1, '0000-00-00 00:00:00', '0000-00-00 00:00:00'),
(35, 'Admin', 'Google Chrome', '47.15.0.119', 1, '0000-00-00 00:00:00', '0000-00-00 00:00:00'),
(36, 'Admin', 'Google Chrome', '116.206.203.151', 1, '0000-00-00 00:00:00', '0000-00-00 00:00:00'),
(37, 'Admin', 'Google Chrome', '116.206.203.151', 1, '0000-00-00 00:00:00', '0000-00-00 00:00:00'),
(38, 'Admin', 'Mozilla/5.0 (Windows NT 10.0; Win64; x64) AppleWebKit/537.36 (KHTML, like Gecko) Chrome/84.0.4147.89 Safari/537.36', '116.206.202.96', 2, '0000-00-00 00:00:00', '0000-00-00 00:00:00'),
(39, 'Admin', 'Google Chrome', '116.206.202.96', 1, '0000-00-00 00:00:00', '0000-00-00 00:00:00'),
(40, 'Admin', 'Google Chrome', '116.206.202.96', 1, '0000-00-00 00:00:00', '0000-00-00 00:00:00'),
(41, 'Admin', 'Google Chrome', '157.40.26.73', 1, '0000-00-00 00:00:00', '0000-00-00 00:00:00'),
(42, 'Admin', 'Google Chrome', '116.206.203.174', 1, '0000-00-00 00:00:00', '0000-00-00 00:00:00'),
(43, 'Admin', 'Google Chrome', '116.206.202.194', 1, '0000-00-00 00:00:00', '0000-00-00 00:00:00'),
(44, 'Admin', 'Google Chrome', '116.206.203.174', 1, '0000-00-00 00:00:00', '0000-00-00 00:00:00'),
(45, 'Admin', 'Mozilla/5.0 (Windows NT 6.3; Win64; x64) AppleWebKit/537.36 (KHTML, like Gecko) Chrome/84.0.4147.105 Safari/537.36', '157.40.31.230', 2, '0000-00-00 00:00:00', '0000-00-00 00:00:00'),
(46, 'Admin', 'Google Chrome', '157.40.31.230', 1, '0000-00-00 00:00:00', '0000-00-00 00:00:00'),
(47, 'Admin', 'Google Chrome', '157.40.31.230', 1, '0000-00-00 00:00:00', '0000-00-00 00:00:00'),
(48, 'Admin', 'Google Chrome', '103.101.212.211', 1, '0000-00-00 00:00:00', '0000-00-00 00:00:00'),
(49, 'Admin', 'Mozilla/5.0 (Windows NT 6.3; Win64; x64) AppleWebKit/537.36 (KHTML, like Gecko) Chrome/84.0.4147.105 Safari/537.36', '157.40.31.230', 2, '0000-00-00 00:00:00', '0000-00-00 00:00:00'),
(50, 'Admin', 'Google Chrome', '157.40.31.230', 1, '0000-00-00 00:00:00', '0000-00-00 00:00:00'),
(51, 'Admin', 'Google Chrome', '157.40.31.230', 1, '0000-00-00 00:00:00', '0000-00-00 00:00:00'),
(52, 'Admin', 'Google Chrome', '157.40.31.230', 1, '0000-00-00 00:00:00', '0000-00-00 00:00:00'),
(53, 'Admin', 'Google Chrome', '103.101.212.135', 1, '0000-00-00 00:00:00', '0000-00-00 00:00:00'),
(54, 'Admin', 'Google Chrome', '157.40.6.229', 1, '0000-00-00 00:00:00', '0000-00-00 00:00:00'),
(55, 'Admin', 'Google Chrome', '47.15.21.167', 1, '0000-00-00 00:00:00', '0000-00-00 00:00:00'),
(56, 'Admin', 'Google Chrome', '157.40.10.13', 1, '0000-00-00 00:00:00', '0000-00-00 00:00:00'),
(57, 'Admin', 'Google Chrome', '103.87.143.209', 1, '0000-00-00 00:00:00', '0000-00-00 00:00:00'),
(58, 'Admin', 'Google Chrome', '47.15.23.146', 1, '0000-00-00 00:00:00', '0000-00-00 00:00:00'),
(59, 'Admin', 'Google Chrome', '47.15.60.252', 1, '0000-00-00 00:00:00', '0000-00-00 00:00:00'),
(60, ' ', 'Google Chrome', '47.15.23.184', 1, '0000-00-00 00:00:00', '0000-00-00 00:00:00'),
(61, ' ', 'Google Chrome', '103.87.143.82', 1, '0000-00-00 00:00:00', '0000-00-00 00:00:00'),
(62, ' ', 'Google Chrome', '103.87.143.82', 1, '0000-00-00 00:00:00', '0000-00-00 00:00:00'),
(63, ' ', 'Google Chrome', '103.87.143.82', 1, '0000-00-00 00:00:00', '0000-00-00 00:00:00'),
(64, 'Admin', 'Mozilla/5.0 (Windows NT 10.0; Win64; x64) AppleWebKit/537.36 (KHTML, like Gecko) Chrome/84.0.4147.105 Safari/537.36 OPR/70.0.3728.106', '103.87.143.166', 2, '0000-00-00 00:00:00', '0000-00-00 00:00:00'),
(65, ' ', 'Google Chrome', '47.15.3.165', 1, '0000-00-00 00:00:00', '0000-00-00 00:00:00'),
(66, ' ', 'Google Chrome', '116.206.202.89', 1, '0000-00-00 00:00:00', '0000-00-00 00:00:00'),
(67, ' ', 'Google Chrome', '116.206.202.13', 1, '0000-00-00 00:00:00', '0000-00-00 00:00:00'),
(68, 'Admin', 'Mozilla/5.0 (Windows NT 10.0; Win64; x64) AppleWebKit/537.36 (KHTML, like Gecko) Chrome/84.0.4147.105 Safari/537.36 OPR/70.0.3728.106', '116.206.202.13', 2, '0000-00-00 00:00:00', '0000-00-00 00:00:00'),
(69, ' ', 'Google Chrome', '116.206.202.13', 1, '0000-00-00 00:00:00', '0000-00-00 00:00:00'),
(70, ' ', 'Google Chrome', '116.206.202.13', 1, '0000-00-00 00:00:00', '0000-00-00 00:00:00'),
(71, 'Arindom Choudhury', 'Google Chrome', '116.206.202.13', 1, '0000-00-00 00:00:00', '0000-00-00 00:00:00'),
(72, 'Arindom Choudhury', 'Google Chrome', '116.206.202.13', 1, '0000-00-00 00:00:00', '0000-00-00 00:00:00'),
(73, 'Arindom Choudhury', 'Google Chrome', '116.206.202.13', 1, '0000-00-00 00:00:00', '0000-00-00 00:00:00'),
(74, ' ', 'Google Chrome', '116.206.202.13', 1, '0000-00-00 00:00:00', '0000-00-00 00:00:00'),
(75, 'Arindom Choudhury', 'Google Chrome', '116.206.202.13', 1, '0000-00-00 00:00:00', '0000-00-00 00:00:00'),
(76, ' ', 'Google Chrome', '47.15.51.98', 1, '0000-00-00 00:00:00', '0000-00-00 00:00:00'),
(77, ' ', 'Google Chrome', '116.206.202.13', 1, '0000-00-00 00:00:00', '0000-00-00 00:00:00'),
(78, ' ', 'Google Chrome', '203.171.247.55', 1, '0000-00-00 00:00:00', '0000-00-00 00:00:00'),
(79, ' ', 'Google Chrome', '203.171.247.55', 1, '0000-00-00 00:00:00', '0000-00-00 00:00:00'),
(80, ' ', 'Google Chrome', '203.171.247.110', 1, '0000-00-00 00:00:00', '0000-00-00 00:00:00'),
(81, ' ', 'Google Chrome', '203.171.247.110', 1, '0000-00-00 00:00:00', '0000-00-00 00:00:00'),
(82, ' ', 'Google Chrome', '103.87.143.216', 1, '0000-00-00 00:00:00', '0000-00-00 00:00:00'),
(83, ' ', 'Google Chrome', '103.87.143.164', 1, '0000-00-00 00:00:00', '0000-00-00 00:00:00'),
(84, ' ', 'Google Chrome', '47.15.4.122', 1, '0000-00-00 00:00:00', '0000-00-00 00:00:00'),
(85, ' ', 'Google Chrome', '203.171.247.50', 1, '0000-00-00 00:00:00', '0000-00-00 00:00:00'),
(86, ' ', 'Google Chrome', '103.87.143.216', 1, '0000-00-00 00:00:00', '0000-00-00 00:00:00'),
(87, ' ', 'Google Chrome', '103.101.212.175', 1, '0000-00-00 00:00:00', '0000-00-00 00:00:00'),
(88, ' ', 'Google Chrome', '157.40.37.133', 1, '0000-00-00 00:00:00', '0000-00-00 00:00:00'),
(89, ' ', 'Google Chrome', '203.171.247.50', 1, '0000-00-00 00:00:00', '0000-00-00 00:00:00'),
(90, ' ', 'Google Chrome', '157.40.37.133', 1, '0000-00-00 00:00:00', '0000-00-00 00:00:00'),
(91, ' ', 'Google Chrome', '157.40.37.133', 1, '0000-00-00 00:00:00', '0000-00-00 00:00:00'),
(92, ' ', 'Google Chrome', '203.171.247.50', 1, '0000-00-00 00:00:00', '0000-00-00 00:00:00'),
(93, ' ', 'Google Chrome', '103.87.143.108', 1, '0000-00-00 00:00:00', '0000-00-00 00:00:00'),
(94, 'Kousik Mukherjee', 'Google Chrome', '103.87.143.108', 1, '0000-00-00 00:00:00', '0000-00-00 00:00:00'),
(95, ' ', 'Google Chrome', '103.87.143.108', 1, '0000-00-00 00:00:00', '0000-00-00 00:00:00'),
(96, ' ', 'Google Chrome', '103.101.212.175', 1, '0000-00-00 00:00:00', '0000-00-00 00:00:00'),
(97, ' ', 'Google Chrome', '157.40.37.133', 1, '0000-00-00 00:00:00', '0000-00-00 00:00:00'),
(98, ' ', 'Google Chrome', '103.101.212.175', 1, '0000-00-00 00:00:00', '0000-00-00 00:00:00'),
(99, ' ', 'Google Chrome', '103.101.212.175', 1, '0000-00-00 00:00:00', '0000-00-00 00:00:00'),
(100, ' ', 'Google Chrome', '103.101.212.175', 1, '0000-00-00 00:00:00', '0000-00-00 00:00:00'),
(101, ' ', 'Google Chrome', '223.191.52.130', 1, '0000-00-00 00:00:00', '0000-00-00 00:00:00'),
(102, 'Pratap Dasgupta', 'Google Chrome', '223.191.52.130', 1, '0000-00-00 00:00:00', '0000-00-00 00:00:00'),
(103, ' ', 'Google Chrome', '223.191.52.130', 1, '0000-00-00 00:00:00', '0000-00-00 00:00:00'),
(104, ' ', 'Google Chrome', '103.101.212.175', 1, '0000-00-00 00:00:00', '0000-00-00 00:00:00'),
(105, 'Pratap Dasgupta', 'Google Chrome', '103.87.143.108', 1, '0000-00-00 00:00:00', '0000-00-00 00:00:00'),
(106, 'Sneha Dhumal', 'Google Chrome', '103.252.52.203', 1, '0000-00-00 00:00:00', '0000-00-00 00:00:00'),
(107, 'Nishigandha Gade', 'Google Chrome', '183.87.61.14', 1, '0000-00-00 00:00:00', '0000-00-00 00:00:00'),
(108, 'Pratap Dasgupta', 'Google Chrome', '103.87.143.108', 1, '0000-00-00 00:00:00', '0000-00-00 00:00:00'),
(109, ' ', 'Google Chrome', '103.87.143.108', 1, '0000-00-00 00:00:00', '0000-00-00 00:00:00'),
(110, 'Arindam Choudhury', 'Google Chrome', '45.64.224.234', 1, '0000-00-00 00:00:00', '0000-00-00 00:00:00'),
(111, 'Pratap Dasgupta', 'Google Chrome', '103.87.143.108', 1, '0000-00-00 00:00:00', '0000-00-00 00:00:00'),
(112, ' ', 'Google Chrome', '157.40.30.98', 1, '0000-00-00 00:00:00', '0000-00-00 00:00:00'),
(113, ' ', 'Google Chrome', '103.87.143.108', 1, '0000-00-00 00:00:00', '0000-00-00 00:00:00'),
(114, ' ', 'Google Chrome', '103.87.143.108', 1, '0000-00-00 00:00:00', '0000-00-00 00:00:00'),
(115, 'Arindam Choudhury', 'Google Chrome', '171.51.137.104', 1, '0000-00-00 00:00:00', '0000-00-00 00:00:00'),
(116, 'Kousik Mukherjee', 'Google Chrome', '203.171.247.59', 1, '0000-00-00 00:00:00', '0000-00-00 00:00:00'),
(117, ' ', 'Google Chrome', '103.87.143.108', 1, '0000-00-00 00:00:00', '0000-00-00 00:00:00'),
(118, ' ', 'Google Chrome', '157.40.62.28', 1, '0000-00-00 00:00:00', '0000-00-00 00:00:00'),
(119, 'BTN Infosolution', 'Google Chrome', '157.40.62.28', 1, '0000-00-00 00:00:00', '0000-00-00 00:00:00'),
(120, 'BTN Infosolution', 'Google Chrome', '103.87.143.108', 1, '0000-00-00 00:00:00', '0000-00-00 00:00:00'),
(121, 'Arindam Choudhury', 'Google Chrome', '223.233.3.169', 1, '0000-00-00 00:00:00', '0000-00-00 00:00:00'),
(122, 'Sneha Dhumal', 'Google Chrome', '103.252.52.203', 1, '0000-00-00 00:00:00', '0000-00-00 00:00:00'),
(123, 'Nishigandha Gade', 'Google Chrome', '183.87.61.14', 1, '0000-00-00 00:00:00', '0000-00-00 00:00:00'),
(124, 'Arindam Choudhury', 'Google Chrome', '171.51.128.146', 1, '0000-00-00 00:00:00', '0000-00-00 00:00:00'),
(125, 'Arindam Choudhury', 'Google Chrome', '171.51.139.50', 1, '0000-00-00 00:00:00', '0000-00-00 00:00:00'),
(126, 'Kousik Mukherjee', 'Google Chrome', '203.171.247.59', 1, '0000-00-00 00:00:00', '0000-00-00 00:00:00'),
(127, 'BTN Infosolution', 'Google Chrome', '103.101.212.175', 1, '0000-00-00 00:00:00', '0000-00-00 00:00:00'),
(128, 'Sneha Dhumal', 'Google Chrome', '103.252.52.203', 1, '0000-00-00 00:00:00', '0000-00-00 00:00:00'),
(129, 'Pratap Dasgupta', 'Google Chrome', '103.87.143.108', 1, '0000-00-00 00:00:00', '0000-00-00 00:00:00'),
(130, 'BTN Infosolution', 'Google Chrome', '157.40.34.76', 1, '0000-00-00 00:00:00', '0000-00-00 00:00:00'),
(131, 'BTN Infosolution', 'Google Chrome', '103.101.212.175', 1, '0000-00-00 00:00:00', '0000-00-00 00:00:00'),
(132, 'BTN Infosolution', 'Google Chrome', '103.101.212.175', 1, '0000-00-00 00:00:00', '0000-00-00 00:00:00'),
(133, 'Sneha Dhumal', 'Google Chrome', '103.252.52.204', 1, '0000-00-00 00:00:00', '0000-00-00 00:00:00'),
(134, 'Pratap Dasgupta', 'Google Chrome', '103.87.143.108', 1, '0000-00-00 00:00:00', '0000-00-00 00:00:00'),
(135, 'Kousik Mukherjee', 'Google Chrome', '203.171.247.59', 1, '0000-00-00 00:00:00', '0000-00-00 00:00:00'),
(136, 'Mrudang Bhavsar', 'Google Chrome', '43.242.123.30', 1, '0000-00-00 00:00:00', '0000-00-00 00:00:00'),
(137, 'BTN Infosolution', 'Google Chrome', '103.87.143.108', 1, '0000-00-00 00:00:00', '0000-00-00 00:00:00'),
(138, 'Arindam Chaudhury', 'Google Chrome', '47.11.228.216', 1, '0000-00-00 00:00:00', '0000-00-00 00:00:00'),
(139, 'Nishigandha Gade', 'Google Chrome', '106.193.108.129', 1, '0000-00-00 00:00:00', '0000-00-00 00:00:00'),
(140, 'Sneha Dhumal', 'Google Chrome', '106.220.189.38', 1, '0000-00-00 00:00:00', '0000-00-00 00:00:00'),
(141, 'BTN Infosolution', 'Google Chrome', '103.101.212.175', 1, '0000-00-00 00:00:00', '0000-00-00 00:00:00'),
(142, 'Arindam Chaudhury', 'Google Chrome', '47.11.225.144', 1, '0000-00-00 00:00:00', '0000-00-00 00:00:00'),
(143, 'Arindam Chaudhury', 'Google Chrome', '223.187.248.69', 1, '0000-00-00 00:00:00', '0000-00-00 00:00:00'),
(144, 'BTN Infosolution', 'Google Chrome', '103.87.143.108', 1, '0000-00-00 00:00:00', '0000-00-00 00:00:00'),
(145, 'Arindam Chaudhury', 'Google Chrome', '223.187.248.69', 1, '0000-00-00 00:00:00', '0000-00-00 00:00:00'),
(146, 'Arindam Chaudhury', 'Google Chrome', '106.211.152.131', 1, '0000-00-00 00:00:00', '0000-00-00 00:00:00'),
(147, 'Pratap Dasgupta', 'Google Chrome', '103.87.143.108', 1, '0000-00-00 00:00:00', '0000-00-00 00:00:00'),
(148, 'Pratap Dasgupta', 'Google Chrome', '103.87.143.108', 1, '0000-00-00 00:00:00', '0000-00-00 00:00:00'),
(149, 'Sneha Dhumal', 'Google Chrome', '106.220.92.222', 1, '0000-00-00 00:00:00', '0000-00-00 00:00:00'),
(150, 'Arindam Chaudhury', 'Google Chrome', '45.64.224.234', 1, '0000-00-00 00:00:00', '0000-00-00 00:00:00'),
(151, 'Pratap Dasgupta', 'Google Chrome', '103.87.143.108', 1, '0000-00-00 00:00:00', '0000-00-00 00:00:00'),
(152, 'Kousik Mukherjee', 'Google Chrome', '203.171.247.59', 1, '0000-00-00 00:00:00', '0000-00-00 00:00:00'),
(153, 'Nishigandha Gade', 'Google Chrome', '106.193.108.187', 1, '0000-00-00 00:00:00', '0000-00-00 00:00:00'),
(154, 'BTN Infosolution', 'Google Chrome', '103.101.212.175', 1, '0000-00-00 00:00:00', '0000-00-00 00:00:00'),
(155, 'Arindam Chaudhury', 'Google Chrome', '223.233.37.250', 1, '0000-00-00 00:00:00', '0000-00-00 00:00:00'),
(156, 'Arindam Chaudhury', 'Google Chrome', '45.64.224.234', 1, '0000-00-00 00:00:00', '0000-00-00 00:00:00'),
(157, 'Pratap Dasgupta', 'Google Chrome', '223.191.3.231', 1, '0000-00-00 00:00:00', '0000-00-00 00:00:00'),
(158, 'BTN Infosolution', 'Google Chrome', '103.101.212.175', 1, '0000-00-00 00:00:00', '0000-00-00 00:00:00'),
(159, 'Sneha Dhumal', 'Google Chrome', '106.220.93.197', 1, '0000-00-00 00:00:00', '0000-00-00 00:00:00'),
(160, 'BTN Infosolution', 'Google Chrome', '47.15.47.176', 1, '0000-00-00 00:00:00', '0000-00-00 00:00:00'),
(161, 'Sneha Dhumal', 'Google Chrome', '103.252.52.200', 1, '0000-00-00 00:00:00', '0000-00-00 00:00:00'),
(162, 'BTN Infosolution', 'Google Chrome', '103.101.212.175', 1, '0000-00-00 00:00:00', '0000-00-00 00:00:00'),
(163, 'BTN Infosolution', 'Google Chrome', '103.87.143.108', 1, '0000-00-00 00:00:00', '0000-00-00 00:00:00'),
(164, 'BTN Infosolution', 'Google Chrome', '103.87.143.108', 1, '0000-00-00 00:00:00', '0000-00-00 00:00:00'),
(165, 'BTN Infosolution', 'Google Chrome', '47.15.36.77', 1, '0000-00-00 00:00:00', '0000-00-00 00:00:00'),
(166, 'BTN Infosolution', 'Google Chrome', '103.87.143.108', 1, '0000-00-00 00:00:00', '0000-00-00 00:00:00'),
(167, 'BTN Infosolution', 'Google Chrome', '103.87.143.108', 1, '0000-00-00 00:00:00', '0000-00-00 00:00:00'),
(168, 'Arindam Chaudhury', 'Google Chrome', '223.176.33.29', 1, '0000-00-00 00:00:00', '0000-00-00 00:00:00'),
(169, 'Arindam Chaudhury', 'Google Chrome', '45.64.224.234', 1, '0000-00-00 00:00:00', '0000-00-00 00:00:00'),
(170, 'BTN Infosolution', 'Google Chrome', '103.101.212.175', 1, '0000-00-00 00:00:00', '0000-00-00 00:00:00'),
(171, 'Kousik Mukherjee', 'Google Chrome', '203.171.247.59', 1, '0000-00-00 00:00:00', '0000-00-00 00:00:00'),
(172, 'BTN Infosolution', 'Google Chrome', '47.15.60.228', 1, '0000-00-00 00:00:00', '0000-00-00 00:00:00'),
(173, 'Arindam Chaudhury', 'Google Chrome', '106.211.136.8', 1, '0000-00-00 00:00:00', '0000-00-00 00:00:00'),
(174, 'BTN Infosolution', 'Google Chrome', '47.15.60.110', 1, '0000-00-00 00:00:00', '0000-00-00 00:00:00'),
(175, 'BTN Infosolution', 'Mozilla Firefox', '47.15.60.110', 1, '0000-00-00 00:00:00', '0000-00-00 00:00:00'),
(176, 'BTN Infosolution', 'Google Chrome', '47.15.60.110', 1, '0000-00-00 00:00:00', '0000-00-00 00:00:00'),
(177, 'BTN Infosolution', 'Google Chrome', '47.15.16.162', 1, '0000-00-00 00:00:00', '0000-00-00 00:00:00'),
(178, 'BTN Infosolution', 'Mozilla Firefox', '47.15.33.26', 1, '0000-00-00 00:00:00', '0000-00-00 00:00:00'),
(179, 'Kousik Mukherjee', 'Google Chrome', '45.64.226.33', 1, '0000-00-00 00:00:00', '0000-00-00 00:00:00'),
(180, 'BTN Infosolution', 'Mozilla Firefox', '47.15.51.193', 1, '0000-00-00 00:00:00', '0000-00-00 00:00:00'),
(181, 'BTN Infosolution', 'Google Chrome', '47.15.20.227', 1, '0000-00-00 00:00:00', '0000-00-00 00:00:00'),
(182, 'BTN Infosolution', 'Google Chrome', '47.15.61.159', 1, '0000-00-00 00:00:00', '0000-00-00 00:00:00'),
(183, 'Kousik Mukherjee', 'Google Chrome', '45.64.226.33', 1, '0000-00-00 00:00:00', '0000-00-00 00:00:00'),
(184, 'Sneha Dhumal', 'Google Chrome', '103.252.52.206', 1, '0000-00-00 00:00:00', '0000-00-00 00:00:00'),
(185, 'BTN Infosolution', 'Google Chrome', '47.15.24.186', 1, '0000-00-00 00:00:00', '0000-00-00 00:00:00'),
(186, 'Pratap Dasgupta', 'Google Chrome', '103.101.212.246', 1, '0000-00-00 00:00:00', '0000-00-00 00:00:00'),
(187, 'Pratap Dasgupta', 'Google Chrome', '103.101.212.246', 1, '0000-00-00 00:00:00', '0000-00-00 00:00:00'),
(188, 'BTN Infosolution', 'Google Chrome', '103.101.212.176', 1, '0000-00-00 00:00:00', '0000-00-00 00:00:00'),
(189, 'BTN Infosolution', 'Google Chrome', '103.101.212.246', 1, '0000-00-00 00:00:00', '0000-00-00 00:00:00'),
(190, 'BTN Infosolution', 'Google Chrome', '47.15.26.123', 1, '0000-00-00 00:00:00', '0000-00-00 00:00:00'),
(191, 'BTN Infosolution', 'Mozilla Firefox', '47.15.26.123', 1, '0000-00-00 00:00:00', '0000-00-00 00:00:00'),
(192, 'Pratap Dasgupta', 'Google Chrome', '103.87.143.202', 1, '0000-00-00 00:00:00', '0000-00-00 00:00:00'),
(193, 'Pratap Dasgupta', 'Google Chrome', '103.87.143.202', 1, '0000-00-00 00:00:00', '0000-00-00 00:00:00'),
(194, 'BTN Infosolution', 'Google Chrome', '103.87.143.202', 1, '0000-00-00 00:00:00', '0000-00-00 00:00:00'),
(195, 'BTN Infosolution', 'Google Chrome', '103.87.143.202', 1, '0000-00-00 00:00:00', '0000-00-00 00:00:00'),
(196, 'Sneha Dhumal', 'Google Chrome', '103.252.52.206', 1, '0000-00-00 00:00:00', '0000-00-00 00:00:00'),
(197, 'BTN Infosolution', 'Google Chrome', '103.87.143.202', 1, '0000-00-00 00:00:00', '0000-00-00 00:00:00'),
(198, 'Arindam Chaudhury', 'Google Chrome', '223.176.36.242', 1, '0000-00-00 00:00:00', '0000-00-00 00:00:00'),
(199, 'BTN Infosolution', 'Google Chrome', '47.15.47.243', 1, '0000-00-00 00:00:00', '0000-00-00 00:00:00'),
(200, 'BTN Infosolution', 'Mozilla Firefox', '47.15.47.243', 1, '0000-00-00 00:00:00', '0000-00-00 00:00:00'),
(201, 'BTN Infosolution', 'Google Chrome', '103.87.143.168', 1, '0000-00-00 00:00:00', '0000-00-00 00:00:00'),
(202, 'Sneha Dhumal', 'Google Chrome', '103.252.52.206', 1, '0000-00-00 00:00:00', '0000-00-00 00:00:00'),
(203, 'BTN Infosolution', 'Google Chrome', '47.15.57.158', 1, '0000-00-00 00:00:00', '0000-00-00 00:00:00'),
(204, 'Sneha Dhumal', 'Google Chrome', '103.252.52.206', 1, '0000-00-00 00:00:00', '0000-00-00 00:00:00'),
(205, 'BTN Infosolution', 'Google Chrome', '103.87.143.202', 1, '0000-00-00 00:00:00', '0000-00-00 00:00:00'),
(206, 'BTN Infosolution', 'Google Chrome', '47.15.37.39', 1, '0000-00-00 00:00:00', '0000-00-00 00:00:00'),
(207, 'BTN Infosolution', 'Mozilla Firefox', '47.15.37.39', 1, '0000-00-00 00:00:00', '0000-00-00 00:00:00'),
(208, 'BTN Infosolution', 'Google Chrome', '103.87.143.202', 1, '0000-00-00 00:00:00', '0000-00-00 00:00:00'),
(209, 'Pratap Dasgupta', 'Google Chrome', '103.87.143.202', 1, '0000-00-00 00:00:00', '0000-00-00 00:00:00'),
(210, 'BTN Infosolution', 'Google Chrome', '47.15.37.39', 1, '0000-00-00 00:00:00', '0000-00-00 00:00:00'),
(211, 'Pratap Dasgupta', 'Google Chrome', '103.87.143.202', 1, '0000-00-00 00:00:00', '0000-00-00 00:00:00'),
(212, 'BTN Infosolution', 'Google Chrome', '103.87.143.202', 1, '0000-00-00 00:00:00', '0000-00-00 00:00:00'),
(213, 'BTN Infosolution', 'Google Chrome', '103.87.143.202', 1, '0000-00-00 00:00:00', '0000-00-00 00:00:00'),
(214, 'BTN Infosolution', 'Google Chrome', '103.87.143.202', 1, '0000-00-00 00:00:00', '0000-00-00 00:00:00'),
(215, 'BTN Infosolution', 'Google Chrome', '47.15.62.55', 1, '0000-00-00 00:00:00', '0000-00-00 00:00:00'),
(216, 'BTN Infosolution', 'Google Chrome', '103.87.143.168', 1, '0000-00-00 00:00:00', '0000-00-00 00:00:00'),
(217, 'BTN Infosolution', 'Mozilla Firefox', '47.15.62.55', 1, '0000-00-00 00:00:00', '0000-00-00 00:00:00'),
(218, 'Sneha Dhumal', 'Google Chrome', '103.252.52.206', 1, '0000-00-00 00:00:00', '0000-00-00 00:00:00'),
(219, 'Sneha Dhumal', 'Google Chrome', '103.252.52.206', 1, '0000-00-00 00:00:00', '0000-00-00 00:00:00'),
(220, 'BTN Infosolution', 'Google Chrome', '103.87.143.168', 1, '0000-00-00 00:00:00', '0000-00-00 00:00:00'),
(221, 'BTN Infosolution', 'Google Chrome', '47.15.30.13', 1, '0000-00-00 00:00:00', '0000-00-00 00:00:00'),
(222, '', 'Mozilla/5.0 (Linux; Android 4.4.4; HM NOTE 1LTE Build/KTU84P) AppleWebKit/537.36 (KHTML, like Gecko) Version/4.0 Chrome/33.0.0.0 Mobile Safari/537.36', '223.191.50.248', 2, '0000-00-00 00:00:00', '0000-00-00 00:00:00'),
(223, 'Kousik Mukherjee', 'Google Chrome', '45.64.227.73', 1, '0000-00-00 00:00:00', '0000-00-00 00:00:00'),
(224, 'Sneha Dhumal', 'Google Chrome', '103.252.52.206', 1, '0000-00-00 00:00:00', '0000-00-00 00:00:00'),
(225, 'BTN Infosolution', 'Google Chrome', '103.87.143.77', 1, '0000-00-00 00:00:00', '0000-00-00 00:00:00'),
(226, 'BTN Infosolution', 'Google Chrome', '103.87.143.77', 1, '0000-00-00 00:00:00', '0000-00-00 00:00:00'),
(227, 'BTN Infosolution', 'Google Chrome', '103.87.143.77', 1, '0000-00-00 00:00:00', '0000-00-00 00:00:00'),
(228, 'Kousik Mukherjee', 'Google Chrome', '45.64.227.73', 1, '0000-00-00 00:00:00', '0000-00-00 00:00:00'),
(229, 'Sneha Dhumal', 'Google Chrome', '103.252.52.203', 1, '0000-00-00 00:00:00', '0000-00-00 00:00:00'),
(230, 'Nishigandha Gade', 'Google Chrome', '183.87.61.14', 1, '0000-00-00 00:00:00', '0000-00-00 00:00:00'),
(231, 'Arindam Chaudhury', 'Google Chrome', '223.233.16.135', 1, '0000-00-00 00:00:00', '0000-00-00 00:00:00'),
(232, 'BTN Infosolution', 'Google Chrome', '116.206.202.57', 1, '0000-00-00 00:00:00', '0000-00-00 00:00:00'),
(233, '', 'Mozilla/5.0 (Windows NT 10.0; Win64; x64) AppleWebKit/537.36 (KHTML, like Gecko) Chrome/85.0.4183.102 Safari/537.36', '183.87.61.14', 2, '0000-00-00 00:00:00', '0000-00-00 00:00:00'),
(234, 'Nishigandha Gade', 'Google Chrome', '183.87.61.14', 1, '0000-00-00 00:00:00', '0000-00-00 00:00:00'),
(235, 'Pratap Dasgupta', 'Google Chrome', '116.206.202.49', 1, '0000-00-00 00:00:00', '0000-00-00 00:00:00'),
(236, 'Nishigandha Gade', 'Google Chrome', '183.87.61.14', 1, '0000-00-00 00:00:00', '0000-00-00 00:00:00'),
(237, 'Nishigandha Gade', 'Google Chrome', '183.87.61.14', 1, '0000-00-00 00:00:00', '0000-00-00 00:00:00'),
(238, 'Nishigandha Gade', 'Google Chrome', '223.178.152.145', 1, '0000-00-00 00:00:00', '0000-00-00 00:00:00'),
(239, 'Pratap Dasgupta', 'Google Chrome', '116.206.202.49', 1, '0000-00-00 00:00:00', '0000-00-00 00:00:00'),
(240, 'Pratap Dasgupta', 'Google Chrome', '116.206.202.49', 1, '0000-00-00 00:00:00', '0000-00-00 00:00:00'),
(241, 'BTN Infosolution', 'Google Chrome', '116.206.202.49', 1, '0000-00-00 00:00:00', '0000-00-00 00:00:00'),
(242, 'Pratap Dasgupta', 'Google Chrome', '116.206.202.49', 1, '0000-00-00 00:00:00', '0000-00-00 00:00:00'),
(243, 'Sneha Dhumal', 'Google Chrome', '103.252.52.202', 1, '0000-00-00 00:00:00', '0000-00-00 00:00:00'),
(244, 'Nishigandha Gade', 'Google Chrome', '183.87.61.14', 1, '0000-00-00 00:00:00', '0000-00-00 00:00:00'),
(245, 'Pratap Dasgupta', 'Google Chrome', '116.206.202.49', 1, '0000-00-00 00:00:00', '0000-00-00 00:00:00'),
(246, 'Nishigandha Gade', 'Google Chrome', '183.87.61.14', 1, '0000-00-00 00:00:00', '0000-00-00 00:00:00'),
(247, 'Nishigandha Gade', 'Google Chrome', '183.87.61.14', 1, '0000-00-00 00:00:00', '0000-00-00 00:00:00'),
(248, 'BTN Infosolution', 'Google Chrome', '47.15.13.81', 1, '0000-00-00 00:00:00', '0000-00-00 00:00:00'),
(249, 'BTN Infosolution', 'Mozilla Firefox', '47.15.13.81', 1, '0000-00-00 00:00:00', '0000-00-00 00:00:00'),
(250, 'BTN Infosolution', 'Google Chrome', '47.15.13.81', 1, '0000-00-00 00:00:00', '0000-00-00 00:00:00'),
(251, 'Arindam Chaudhury', 'Google Chrome', '223.233.62.4', 1, '0000-00-00 00:00:00', '0000-00-00 00:00:00'),
(252, 'Mrudang Bhavsar', 'Google Chrome', '103.77.127.79', 1, '0000-00-00 00:00:00', '0000-00-00 00:00:00'),
(253, 'BTN Infosolution', 'Google Chrome', '103.87.143.198', 1, '0000-00-00 00:00:00', '0000-00-00 00:00:00'),
(254, '', 'Mozilla/5.0 (Windows NT 10.0; Win64; x64) AppleWebKit/537.36 (KHTML, like Gecko) Chrome/85.0.4183.121 Safari/537.36', '103.101.212.235', 2, '0000-00-00 00:00:00', '0000-00-00 00:00:00'),
(255, 'BTN Infosolution', 'Google Chrome', '103.101.212.235', 1, '0000-00-00 00:00:00', '0000-00-00 00:00:00'),
(256, 'BTN Infosolution', 'Google Chrome', '103.87.143.198', 1, '0000-00-00 00:00:00', '0000-00-00 00:00:00'),
(257, 'BTN Infosolution', 'Google Chrome', '103.101.212.235', 1, '0000-00-00 00:00:00', '0000-00-00 00:00:00'),
(258, 'BTN Infosolution', 'Google Chrome', '47.15.45.76', 1, '0000-00-00 00:00:00', '0000-00-00 00:00:00'),
(259, 'BTN Infosolution', 'Google Chrome', '103.87.143.198', 1, '0000-00-00 00:00:00', '0000-00-00 00:00:00'),
(260, 'BTN Infosolution', 'Google Chrome', '47.15.58.147', 1, '0000-00-00 00:00:00', '0000-00-00 00:00:00'),
(261, 'BTN Infosolution', 'Google Chrome', '47.15.8.126', 1, '0000-00-00 00:00:00', '0000-00-00 00:00:00'),
(262, 'BTN Infosolution', 'Google Chrome', '47.15.23.130', 1, '0000-00-00 00:00:00', '0000-00-00 00:00:00'),
(263, 'BTN Infosolution', 'Mozilla Firefox', '47.15.51.147', 1, '0000-00-00 00:00:00', '0000-00-00 00:00:00'),
(264, 'BTN Infosolution', 'Google Chrome', '47.15.23.130', 1, '0000-00-00 00:00:00', '0000-00-00 00:00:00'),
(265, 'BTN Infosolution', 'Google Chrome', '157.40.24.32', 1, '0000-00-00 00:00:00', '0000-00-00 00:00:00'),
(266, 'BTN Infosolution', 'Google Chrome', '157.40.24.32', 1, '0000-00-00 00:00:00', '0000-00-00 00:00:00'),
(267, 'BTN Infosolution', 'Google Chrome', '47.15.12.138', 1, '0000-00-00 00:00:00', '0000-00-00 00:00:00'),
(268, 'BTN Infosolution', 'Google Chrome', '47.15.13.37', 1, '0000-00-00 00:00:00', '0000-00-00 00:00:00'),
(269, 'BTN Infosolution', 'Google Chrome', '157.40.14.87', 1, '0000-00-00 00:00:00', '0000-00-00 00:00:00'),
(270, '', 'Mozilla/5.0 (Windows NT 10.0; Win64; x64) AppleWebKit/537.36 (KHTML, like Gecko) Chrome/86.0.4240.111 Safari/537.36', '115.187.33.53', 2, '0000-00-00 00:00:00', '0000-00-00 00:00:00'),
(271, 'BTN Infosolution', 'Google Chrome', '115.187.33.53', 1, '0000-00-00 00:00:00', '0000-00-00 00:00:00'),
(272, 'BTN Infosolution', 'Google Chrome', '115.187.33.53', 1, '0000-00-00 00:00:00', '0000-00-00 00:00:00'),
(273, 'BTN Infosolution', 'Google Chrome', '116.206.202.24', 1, '0000-00-00 00:00:00', '0000-00-00 00:00:00'),
(274, 'BTN Infosolution', 'Google Chrome', '115.187.33.53', 1, '0000-00-00 00:00:00', '0000-00-00 00:00:00'),
(275, 'BTN Infosolution', 'Google Chrome', '157.40.16.164', 1, '0000-00-00 00:00:00', '0000-00-00 00:00:00'),
(276, 'BTN Infosolution', 'Google Chrome', '115.187.33.53', 1, '0000-00-00 00:00:00', '0000-00-00 00:00:00'),
(277, 'BTN Infosolution', 'Google Chrome', '157.40.16.164', 1, '0000-00-00 00:00:00', '0000-00-00 00:00:00'),
(278, 'BTN Infosolution', 'Google Chrome', '157.40.16.164', 1, '0000-00-00 00:00:00', '0000-00-00 00:00:00'),
(279, 'BTN Infosolution', 'Google Chrome', '115.187.33.53', 1, '0000-00-00 00:00:00', '0000-00-00 00:00:00'),
(280, 'BTN Infosolution', 'Google Chrome', '115.187.33.53', 1, '0000-00-00 00:00:00', '0000-00-00 00:00:00'),
(281, 'BTN Infosolution', 'Google Chrome', '115.187.33.53', 1, '0000-00-00 00:00:00', '0000-00-00 00:00:00'),
(282, 'BTN Infosolution', 'Google Chrome', '115.187.33.53', 1, '0000-00-00 00:00:00', '0000-00-00 00:00:00'),
(283, 'BTN Infosolution', 'Google Chrome', '116.206.202.9', 1, '0000-00-00 00:00:00', '0000-00-00 00:00:00'),
(284, '', 'Mozilla/5.0 (Windows NT 10.0; Win64; x64) AppleWebKit/537.36 (KHTML, like Gecko) Chrome/86.0.4240.111 Safari/537.36', '116.206.202.9', 2, '0000-00-00 00:00:00', '0000-00-00 00:00:00'),
(285, 'BTN Infosolution', 'Google Chrome', '116.206.202.9', 1, '0000-00-00 00:00:00', '0000-00-00 00:00:00'),
(286, '', 'Mozilla/5.0 (Windows NT 10.0; Win64; x64) AppleWebKit/537.36 (KHTML, like Gecko) Chrome/86.0.4240.111 Safari/537.36', '116.206.202.9', 2, '0000-00-00 00:00:00', '0000-00-00 00:00:00'),
(287, 'test staff test staff', 'Google Chrome', '116.206.202.9', 1, '0000-00-00 00:00:00', '0000-00-00 00:00:00'),
(288, 'BTN Infosolution', 'Google Chrome', '116.206.202.9', 1, '0000-00-00 00:00:00', '0000-00-00 00:00:00'),
(289, 'BTN Infosolution', 'Google Chrome', '116.206.202.9', 1, '0000-00-00 00:00:00', '0000-00-00 00:00:00'),
(290, 'BTN Infosolution', 'Google Chrome', '47.15.23.197', 1, '0000-00-00 00:00:00', '0000-00-00 00:00:00'),
(291, 'BTN Infosolution', 'Google Chrome', '157.43.176.16', 1, '0000-00-00 00:00:00', '0000-00-00 00:00:00'),
(292, 'BTN Infosolution', 'Google Chrome', '103.87.143.244', 1, '0000-00-00 00:00:00', '0000-00-00 00:00:00'),
(293, 'BTN Infosolution', 'Google Chrome', '116.206.202.9', 1, '0000-00-00 00:00:00', '0000-00-00 00:00:00'),
(294, 'BTN Infosolution', 'Google Chrome', '103.87.143.66', 1, '0000-00-00 00:00:00', '0000-00-00 00:00:00'),
(295, 'BTN Infosolution', 'Google Chrome', '103.87.143.66', 1, '0000-00-00 00:00:00', '0000-00-00 00:00:00'),
(296, 'BTN Infosolution', 'Google Chrome', '103.101.212.179', 1, '0000-00-00 00:00:00', '0000-00-00 00:00:00'),
(297, 'BTN Infosolution', 'Google Chrome', '103.101.212.179', 1, '0000-00-00 00:00:00', '0000-00-00 00:00:00'),
(298, 'BTN Infosolution', 'Google Chrome', '103.101.212.179', 1, '0000-00-00 00:00:00', '0000-00-00 00:00:00'),
(299, 'BTN Infosolution', 'Google Chrome', '103.101.212.195', 1, '0000-00-00 00:00:00', '0000-00-00 00:00:00'),
(300, 'BTN Infosolution', 'Google Chrome', '150.242.150.154', 1, '0000-00-00 00:00:00', '0000-00-00 00:00:00'),
(301, 'BTN Infosolution', 'Google Chrome', '103.87.143.167', 1, '0000-00-00 00:00:00', '0000-00-00 00:00:00'),
(302, 'BTN Infosolution', 'Google Chrome', '202.142.93.10', 1, '0000-00-00 00:00:00', '0000-00-00 00:00:00'),
(303, 'Nishigandha Gade', 'Google Chrome', '183.87.61.14', 1, '0000-00-00 00:00:00', '0000-00-00 00:00:00'),
(304, 'BTN Infosolution', 'Google Chrome', '103.101.212.221', 1, '0000-00-00 00:00:00', '0000-00-00 00:00:00'),
(305, 'BTN Infosolution', 'Google Chrome', '103.101.212.221', 1, '0000-00-00 00:00:00', '0000-00-00 00:00:00'),
(306, 'BTN Infosolution', 'Google Chrome', '103.101.212.221', 1, '0000-00-00 00:00:00', '0000-00-00 00:00:00'),
(307, 'BTN Infosolution', 'Google Chrome', '103.101.212.221', 1, '0000-00-00 00:00:00', '0000-00-00 00:00:00'),
(308, 'Kousik Mukherjee', 'Google Chrome', '45.64.227.171', 1, '0000-00-00 00:00:00', '0000-00-00 00:00:00'),
(309, '', 'Mozilla/5.0 (Windows NT 10.0; Win64; x64) AppleWebKit/537.36 (KHTML, like Gecko) Chrome/91.0.4472.114 Safari/537.36', '116.206.202.105', 2, '0000-00-00 00:00:00', '0000-00-00 00:00:00'),
(310, 'BTN Infosolution', 'Google Chrome', '116.206.202.105', 1, '0000-00-00 00:00:00', '0000-00-00 00:00:00'),
(311, '', 'Mozilla/5.0 (Linux; U; Android 9; en-gb; CPH1923 Build/PPR1.180610.011) AppleWebKit/537.36 (KHTML, like Gecko) Version/4.0 Chrome/77.0.3865.116 Mobile Safari/537.36 HeyTapBrowser/25.7.7.1', '223.239.62.41', 2, '0000-00-00 00:00:00', '0000-00-00 00:00:00'),
(312, 'BTN Infosolution', 'Google Chrome', '223.239.62.41', 1, '0000-00-00 00:00:00', '0000-00-00 00:00:00'),
(313, '', 'Mozilla/5.0 (Windows NT 10.0; WOW64) AppleWebKit/537.36 (KHTML, like Gecko) Chrome/91.0.4472.114 Safari/537.36', '223.233.63.216', 2, '0000-00-00 00:00:00', '0000-00-00 00:00:00'),
(314, 'BTN Infosolution', 'Google Chrome', '223.233.63.216', 1, '0000-00-00 00:00:00', '0000-00-00 00:00:00'),
(315, 'BTN Infosolution', 'Google Chrome', '116.206.202.105', 1, '0000-00-00 00:00:00', '0000-00-00 00:00:00'),
(316, 'BTN Infosolution', 'Google Chrome', '116.206.203.82', 1, '0000-00-00 00:00:00', '0000-00-00 00:00:00'),
(317, 'BTN Infosolution', 'Google Chrome', '116.206.202.105', 1, '0000-00-00 00:00:00', '0000-00-00 00:00:00'),
(318, 'BTN Infosolution', 'Google Chrome', '116.206.203.35', 1, '0000-00-00 00:00:00', '0000-00-00 00:00:00'),
(319, 'BTN Infosolution', 'Google Chrome', '116.206.203.35', 1, '0000-00-00 00:00:00', '0000-00-00 00:00:00'),
(320, 'BTN Infosolution', 'Google Chrome', '116.206.203.35', 1, '0000-00-00 00:00:00', '0000-00-00 00:00:00'),
(321, 'BTN Infosolution', 'Google Chrome', '116.206.203.35', 1, '0000-00-00 00:00:00', '0000-00-00 00:00:00'),
(322, 'BTN Infosolution', 'Google Chrome', '116.206.203.35', 1, '0000-00-00 00:00:00', '0000-00-00 00:00:00');

-- --------------------------------------------------------

--
-- Table structure for table `tbl_admin`
--

CREATE TABLE `tbl_admin` (
  `id` int(11) NOT NULL,
  `user_type` int(11) NOT NULL DEFAULT '1',
  `name` varchar(255) NOT NULL,
  `email` varchar(255) NOT NULL,
  `password` varchar(255) NOT NULL,
  `image` varchar(455) CHARACTER SET utf8 COLLATE utf8_unicode_ci NOT NULL,
  `remember_token` varchar(100) NOT NULL,
  `is_blocked` tinyint(1) NOT NULL DEFAULT '0',
  `is_deleted` tinyint(1) NOT NULL DEFAULT '0',
  `status` tinyint(1) NOT NULL DEFAULT '1',
  `created_at` datetime NOT NULL,
  `updated_at` datetime NOT NULL
) ENGINE=InnoDB DEFAULT CHARSET=latin1;

--
-- Dumping data for table `tbl_admin`
--

INSERT INTO `tbl_admin` (`id`, `user_type`, `name`, `email`, `password`, `image`, `remember_token`, `is_blocked`, `is_deleted`, `status`, `created_at`, `updated_at`) VALUES
(1, 1, 'Admin', 'admin@gmail.com', '0e7517141fb53f21ee439b355b5a1d0a', '', '', 0, 0, 1, '2020-07-06 00:00:00', '0000-00-00 00:00:00');

-- --------------------------------------------------------

--
-- Table structure for table `tbl_client_contacts`
--

CREATE TABLE `tbl_client_contacts` (
  `contact_id` int(11) NOT NULL,
  `user_id` int(11) NOT NULL,
  `first_name` varchar(255) NOT NULL,
  `last_name` varchar(255) NOT NULL,
  `email` varchar(255) NOT NULL,
  `profile_image` varchar(455) NOT NULL,
  `phone` varchar(10) NOT NULL,
  `is_deleted` tinyint(1) NOT NULL DEFAULT '0',
  `is_blocked` tinyint(1) NOT NULL DEFAULT '0',
  `created_at` datetime NOT NULL,
  `updated_at` datetime NOT NULL
) ENGINE=InnoDB DEFAULT CHARSET=latin1;

--
-- Dumping data for table `tbl_client_contacts`
--

INSERT INTO `tbl_client_contacts` (`contact_id`, `user_id`, `first_name`, `last_name`, `email`, `profile_image`, `phone`, `is_deleted`, `is_blocked`, `created_at`, `updated_at`) VALUES
(1, 5, 'ARUN', 'DAS', 'a.das@zicon.in', '1598443124.jpeg', '9800002233', 0, 0, '2020-08-26 07:58:44', '0000-00-00 00:00:00');

-- --------------------------------------------------------

--
-- Table structure for table `tbl_contract`
--

CREATE TABLE `tbl_contract` (
  `contract_id` int(11) NOT NULL,
  `contract_name` varchar(255) NOT NULL,
  `is_deleted` tinyint(1) NOT NULL DEFAULT '0',
  `is_blocked` tinyint(1) NOT NULL DEFAULT '0',
  `created_at` datetime NOT NULL,
  `updated_at` datetime NOT NULL
) ENGINE=InnoDB DEFAULT CHARSET=latin1;

--
-- Dumping data for table `tbl_contract`
--

INSERT INTO `tbl_contract` (`contract_id`, `contract_name`, `is_deleted`, `is_blocked`, `created_at`, `updated_at`) VALUES
(10, 'Sourav', 0, 0, '2020-07-31 03:03:29', '0000-00-00 00:00:00'),
(11, 'check', 0, 0, '2020-08-04 09:11:15', '0000-00-00 00:00:00'),
(12, 'Development Only', 0, 0, '2020-08-24 07:13:15', '0000-00-00 00:00:00'),
(13, 'SEO', 0, 0, '2020-08-27 10:34:34', '0000-00-00 00:00:00'),
(14, 'SMO', 0, 0, '2020-08-27 10:36:27', '0000-00-00 00:00:00');

-- --------------------------------------------------------

--
-- Table structure for table `tbl_contractm`
--

CREATE TABLE `tbl_contractm` (
  `contractm_id` int(11) NOT NULL,
  `customer_id` int(11) NOT NULL,
  `contractm_subject` varchar(255) NOT NULL,
  `contractm_value` float NOT NULL,
  `contractm_type` varchar(255) NOT NULL,
  `contractm_stdt` date NOT NULL,
  `contractm_enddt` date NOT NULL,
  `contractm_desc` varchar(255) NOT NULL,
  `is_deleted` tinyint(1) NOT NULL DEFAULT '0',
  `is_blocked` tinyint(1) NOT NULL DEFAULT '0',
  `created_at` datetime NOT NULL,
  `updated_at` datetime NOT NULL
) ENGINE=InnoDB DEFAULT CHARSET=latin1;

--
-- Dumping data for table `tbl_contractm`
--

INSERT INTO `tbl_contractm` (`contractm_id`, `customer_id`, `contractm_subject`, `contractm_value`, `contractm_type`, `contractm_stdt`, `contractm_enddt`, `contractm_desc`, `is_deleted`, `is_blocked`, `created_at`, `updated_at`) VALUES
(1, 4, 'dfdfgdfg', 345, '11', '2020-08-05', '2020-08-13', '', 0, 0, '2020-08-04 09:12:30', '0000-00-00 00:00:00'),
(2, 5, 'Social Media Posting', 2000, '14', '2020-08-27', '2020-09-26', 'Per Month.', 0, 0, '2020-08-27 01:07:55', '0000-00-00 00:00:00');

-- --------------------------------------------------------

--
-- Table structure for table `tbl_countries`
--

CREATE TABLE `tbl_countries` (
  `country_id` int(11) NOT NULL,
  `country_name` varchar(100) NOT NULL,
  `is_deleted` tinyint(1) NOT NULL DEFAULT '0',
  `is_blocked` tinyint(1) NOT NULL DEFAULT '0',
  `created_at` datetime NOT NULL,
  `updated_at` datetime NOT NULL
) ENGINE=InnoDB DEFAULT CHARSET=latin1;

--
-- Dumping data for table `tbl_countries`
--

INSERT INTO `tbl_countries` (`country_id`, `country_name`, `is_deleted`, `is_blocked`, `created_at`, `updated_at`) VALUES
(1, 'India', 0, 0, '2020-07-09 00:00:00', '0000-00-00 00:00:00');

-- --------------------------------------------------------

--
-- Table structure for table `tbl_customer_groups`
--

CREATE TABLE `tbl_customer_groups` (
  `customer_group_id` int(11) NOT NULL,
  `group_id` int(11) NOT NULL,
  `customer_id` int(11) NOT NULL,
  `is_blocked` tinyint(1) NOT NULL DEFAULT '0',
  `is_deleted` tinyint(1) NOT NULL DEFAULT '0',
  `created_at` datetime NOT NULL
) ENGINE=InnoDB DEFAULT CHARSET=latin1;

--
-- Dumping data for table `tbl_customer_groups`
--

INSERT INTO `tbl_customer_groups` (`customer_group_id`, `group_id`, `customer_id`, `is_blocked`, `is_deleted`, `created_at`) VALUES
(5, 4, 9, 0, 0, '2020-09-16 18:58:20'),
(6, 3, 9, 0, 0, '2020-09-16 18:58:20'),
(7, 4, 8, 0, 0, '2020-09-16 18:59:24');

-- --------------------------------------------------------

--
-- Table structure for table `tbl_expense`
--

CREATE TABLE `tbl_expense` (
  `expense_id` int(11) NOT NULL,
  `is_deleted` smallint(6) NOT NULL DEFAULT '0',
  `is_blocked` tinyint(4) NOT NULL DEFAULT '0',
  `created_at` datetime NOT NULL,
  `updated_at` datetime NOT NULL,
  `name` varchar(255) NOT NULL,
  `note` text NOT NULL,
  `expense_catogory_id` int(11) NOT NULL,
  `expence_date` date NOT NULL,
  `amount` varchar(255) NOT NULL,
  `customer_id` int(11) NOT NULL,
  `currency` varchar(255) NOT NULL,
  `tax1` varchar(255) NOT NULL,
  `tax2` varchar(255) NOT NULL,
  `payment_mode` varchar(255) NOT NULL,
  `reference` varchar(255) NOT NULL,
  `repeat_every` varchar(255) NOT NULL
) ENGINE=InnoDB DEFAULT CHARSET=latin1;

--
-- Dumping data for table `tbl_expense`
--

INSERT INTO `tbl_expense` (`expense_id`, `is_deleted`, `is_blocked`, `created_at`, `updated_at`, `name`, `note`, `expense_catogory_id`, `expence_date`, `amount`, `customer_id`, `currency`, `tax1`, `tax2`, `payment_mode`, `reference`, `repeat_every`) VALUES
(1, 1, 0, '0000-00-00 00:00:00', '2020-07-30 15:42:10', 'czxcxz', 'zczxcz', 11, '2020-07-08', 'czx', 0, '', '', '', '', '', ''),
(2, 0, 0, '2020-07-30 16:29:36', '0000-00-00 00:00:00', 'sa', '', 0, '0000-00-00', '11', 0, '', '', '', '', '', ''),
(3, 0, 0, '2020-07-30 16:31:30', '2020-07-30 16:37:28', 'Mehar', 'as', 2, '0000-00-00', '10', 1, '', '', '', '', '', ''),
(4, 0, 0, '2020-07-30 16:39:02', '2020-07-30 16:41:37', 'wwww', 'swwwdg', 0, '0000-00-00', '33', 0, 'sgd333', 'dgs333', 'sdg333', 'Bank', 'dgs33', ''),
(5, 0, 0, '2020-07-30 16:59:23', '0000-00-00 00:00:00', 'sfa', 'fds', 1, '0000-00-00', '33', 1, '', '', '', '', '', ''),
(6, 0, 0, '2020-08-04 09:10:35', '0000-00-00 00:00:00', 'fdgdfdfh', '', 1, '2020-08-18', '4534', 3, 'INR', '', '', '', '', ''),
(7, 0, 0, '2020-08-27 01:13:54', '0000-00-00 00:00:00', 'Alliance Broadband', 'Per Month.', 5, '2020-08-27', '1090', 6, 'INR', '18%', '', 'Google Pay', 'BTN', '');

-- --------------------------------------------------------

--
-- Table structure for table `tbl_expense_catogory`
--

CREATE TABLE `tbl_expense_catogory` (
  `expense_catogory_id` int(11) NOT NULL,
  `expense_catogory_name` varchar(255) NOT NULL,
  `is_deleted` tinyint(4) NOT NULL DEFAULT '0',
  `is_blocked` tinyint(4) NOT NULL DEFAULT '0',
  `created_at` datetime NOT NULL,
  `updated_at` datetime NOT NULL
) ENGINE=InnoDB DEFAULT CHARSET=latin1;

--
-- Dumping data for table `tbl_expense_catogory`
--

INSERT INTO `tbl_expense_catogory` (`expense_catogory_id`, `expense_catogory_name`, `is_deleted`, `is_blocked`, `created_at`, `updated_at`) VALUES
(1, 'Travelling Expense', 0, 0, '0000-00-00 00:00:00', '0000-00-00 00:00:00'),
(2, 'Shopping Expense', 0, 0, '0000-00-00 00:00:00', '0000-00-00 00:00:00'),
(3, 'new expense', 0, 0, '2020-08-04 09:12:05', '0000-00-00 00:00:00'),
(4, 'Telephone Cost', 0, 0, '2020-08-24 07:13:53', '0000-00-00 00:00:00'),
(5, 'Internet Expense', 0, 0, '2020-08-27 10:40:48', '0000-00-00 00:00:00');

-- --------------------------------------------------------

--
-- Table structure for table `tbl_groups`
--

CREATE TABLE `tbl_groups` (
  `group_id` int(11) NOT NULL,
  `group_name` varchar(255) NOT NULL,
  `is_deleted` tinyint(1) NOT NULL DEFAULT '0',
  `is_blocked` tinyint(1) NOT NULL DEFAULT '0',
  `created_at` datetime NOT NULL,
  `updated_at` datetime NOT NULL
) ENGINE=InnoDB DEFAULT CHARSET=latin1;

--
-- Dumping data for table `tbl_groups`
--

INSERT INTO `tbl_groups` (`group_id`, `group_name`, `is_deleted`, `is_blocked`, `created_at`, `updated_at`) VALUES
(1, 'SEO / SMO', 0, 0, '2020-07-08 00:00:00', '2020-09-21 10:59:45'),
(2, 'Digital Marketing', 0, 0, '2020-07-11 08:55:22', '2020-07-11 08:55:32'),
(3, 'Website Design', 0, 0, '2020-07-13 01:17:07', '2020-07-13 01:17:29'),
(4, 'SMO', 1, 0, '2020-07-20 09:54:10', '2020-09-21 10:59:07'),
(5, 'Software Solution', 0, 0, '2020-08-27 00:34:58', '0000-00-00 00:00:00'),
(6, 'Social Media Graphic', 0, 0, '2020-09-21 10:57:52', '2020-09-21 11:02:57'),
(7, 'Domain And Hosting', 0, 0, '2020-09-21 10:58:39', '0000-00-00 00:00:00'),
(8, 'Website Migration', 0, 0, '2020-09-21 10:58:57', '0000-00-00 00:00:00'),
(9, 'Website Re-Design', 0, 0, '2020-09-21 11:02:11', '0000-00-00 00:00:00'),
(10, 'Logo Design', 0, 0, '2020-09-21 11:02:37', '0000-00-00 00:00:00'),
(11, 'Content Writing', 0, 0, '2020-09-21 11:03:17', '2020-09-23 05:57:57'),
(12, 'HRMS', 1, 0, '2020-11-02 05:36:15', '2020-11-02 05:36:37');

-- --------------------------------------------------------

--
-- Table structure for table `tbl_invoices`
--

CREATE TABLE `tbl_invoices` (
  `invoice_id` int(11) NOT NULL,
  `customer_id` int(11) NOT NULL,
  `tag_id` int(11) NOT NULL,
  `bill_address` varchar(255) NOT NULL,
  `ship_address` varchar(255) NOT NULL,
  `agent_id` int(11) NOT NULL,
  `recuring_invoice` varchar(255) NOT NULL,
  `discount_type` varchar(255) NOT NULL,
  `payment_type` varchar(100) NOT NULL,
  `invoice_date` date NOT NULL,
  `due_date` date NOT NULL,
  `invoice_number` varchar(255) NOT NULL,
  `admin_note` text NOT NULL,
  `sub_total` float NOT NULL,
  `discount` float NOT NULL,
  `discount_percent` float NOT NULL,
  `total_amount` float NOT NULL,
  `total_paid_amount` float NOT NULL,
  `is_payment_done` tinyint(1) NOT NULL DEFAULT '0' COMMENT '0=not paid,1=full paid,2=partial paymently ',
  `client_note` text NOT NULL,
  `terms_condition` text NOT NULL,
  `is_invoice` tinyint(1) NOT NULL DEFAULT '1' COMMENT '1=invoice,2=proposal',
  `lead_id` int(11) NOT NULL,
  `is_deleted` tinyint(1) NOT NULL DEFAULT '0',
  `is_blocked` tinyint(1) NOT NULL DEFAULT '0',
  `created_at` datetime NOT NULL,
  `updated_at` datetime NOT NULL
) ENGINE=InnoDB DEFAULT CHARSET=latin1;

--
-- Dumping data for table `tbl_invoices`
--

INSERT INTO `tbl_invoices` (`invoice_id`, `customer_id`, `tag_id`, `bill_address`, `ship_address`, `agent_id`, `recuring_invoice`, `discount_type`, `payment_type`, `invoice_date`, `due_date`, `invoice_number`, `admin_note`, `sub_total`, `discount`, `discount_percent`, `total_amount`, `total_paid_amount`, `is_payment_done`, `client_note`, `terms_condition`, `is_invoice`, `lead_id`, `is_deleted`, `is_blocked`, `created_at`, `updated_at`) VALUES
(2, 4, 1, '', '', 0, 'NO', 'After Tax', '', '2020-08-02', '2020-08-11', 'CRM-60598', 'dsdfdsf', 0, 0, 2, 0, 0, 0, 'cxvxcv', 'xcvxcv', 1, 0, 0, 0, '2020-08-01 05:18:35', '0000-00-00 00:00:00'),
(3, 4, 1, '', '', 0, 'NO', 'After Tax', '', '2020-08-02', '2020-08-11', 'CRM-55002', 'dsdfdsf', 0, 0, 2, 0, 0, 0, 'cxvxcv', 'xcvxcv', 1, 0, 0, 0, '2020-08-01 05:18:52', '0000-00-00 00:00:00'),
(4, 4, 1, '', '', 0, 'NO', 'After Tax', '', '2020-08-02', '2020-08-11', 'CRM-66806', 'dsdfdsf', 0, 0, 2, 0, 0, 0, 'cxvxcv', 'xcvxcv', 1, 0, 0, 0, '2020-08-01 05:19:08', '0000-00-00 00:00:00'),
(5, 4, 1, '', '', 0, 'NO', 'Before Tax', '', '2020-08-01', '2020-08-01', 'CRM-18104', '', 60, 2.4, 0, 57.6, 0, 0, '', '', 1, 0, 0, 0, '2020-08-01 05:19:31', '0000-00-00 00:00:00'),
(6, 4, 1, '', '', 0, 'NO', 'Before Tax', '', '2020-08-02', '2020-08-11', 'CRM-55156', 'dfdsgdsg', 40, 1.6, 3, 38.4, 0, 0, '', '', 1, 0, 0, 0, '2020-08-01 05:24:23', '0000-00-00 00:00:00'),
(7, 0, 7, '', '', 11, 'NO', 'Before Tax', 'Bank', '2020-09-16', '2020-09-16', 'CRM-26017', 'Please check before sending', 500, 170, 32, 330, 0, 0, 'THIS PROPOSAL IS VALID FOR 15 DAYS ONLY', '100 % ADVANCE PAYMENT', 2, 1, 0, 0, '2020-08-20 08:56:38', '2020-09-16 21:53:31'),
(8, 0, 6, '', '', 2, 'NO', 'Before Tax', '', '2020-08-24', '2020-08-24', 'CRM-95264', 'this is a test proposal', 7999, 399.95, 5, 7599.05, 0, 0, 'this is the final quote', '100% payment in advance', 2, 1, 0, 0, '2020-08-24 09:13:30', '0000-00-00 00:00:00'),
(9, 5, 4, '', '', 2, 'NO', 'Before Tax', 'Bank', '2020-08-26', '2020-09-26', 'CRM-91759', 'payment by cheque.', 47994, 959.88, 2, 47034.1, 0, 0, 'work complete in two week.', 'payment term: 50% advance payment and 50% on completion', 1, 0, 0, 0, '2020-08-26 17:48:20', '0000-00-00 00:00:00'),
(10, 0, 7, '', '', 7, 'NO', 'Before Tax', '', '2020-09-11', '2020-09-11', 'PRO-99221', '', 4000, 400, 10, 3600, 0, 0, '', '', 2, 3, 0, 0, '2020-09-12 00:05:59', '0000-00-00 00:00:00'),
(11, 0, 7, '', '', 7, 'NO', 'Before Tax', '', '2020-09-11', '2020-09-11', 'PRO-69227', '', 6000, 600, 10, 5400, 0, 0, '', '', 2, 3, 0, 0, '2020-09-12 00:06:32', '0000-00-00 00:00:00'),
(12, 0, 7, '', '', 11, 'NO', 'Before Tax', '', '2020-09-16', '2020-09-16', 'PRO-11797', '', 0, 0, 0, 0, 0, 0, '', '', 2, 3, 0, 0, '2020-09-12 00:07:33', '2020-09-16 22:13:16'),
(13, 0, 7, '', '', 11, 'NO', 'Before Tax', '', '2020-09-14', '2020-09-14', 'PRO-64254', '', 4000, 0, 0, 4000, 0, 0, '', '', 2, 3, 0, 0, '2020-09-14 14:52:19', '0000-00-00 00:00:00'),
(14, 0, 7, '', '', 11, 'NO', 'Before Tax', '', '2020-09-15', '2020-09-15', 'PRO-45634', '', 4000, 0, 0, 4000, 0, 0, '', '', 2, 3, 0, 0, '2020-09-15 04:38:06', '0000-00-00 00:00:00'),
(15, 0, 7, '', '', 11, 'NO', 'Before Tax', '', '2020-09-15', '2020-09-15', 'PRO-37139', '', 0, 0, 0, 0, 0, 0, '', '', 2, 3, 0, 0, '2020-09-15 04:38:46', '0000-00-00 00:00:00'),
(16, 0, 8, '', '', 12, 'NO', 'Before Tax', 'Bank', '2020-10-09', '2020-10-09', 'PRO-23965', '', 6000, 120, -1, 5880, 0, 0, '', '', 2, 3, 0, 0, '2020-10-09 14:40:07', '0000-00-00 00:00:00'),
(17, 0, 8, '', '', 12, 'NO', 'Before Tax', '', '2020-10-09', '2020-10-09', 'PRO-40091', '', 4000, 80, 3, 3920, 0, 0, '', '', 2, 3, 0, 0, '2020-10-09 14:43:18', '0000-00-00 00:00:00'),
(18, 0, 8, '', '', 12, 'NO', 'Before Tax', '', '2020-10-09', '2020-10-09', 'PRO-64065', '', 0, 0, 3, 0, 0, 0, '', '', 2, 3, 0, 0, '2020-10-09 14:43:25', '0000-00-00 00:00:00'),
(19, 0, 8, '', '', 12, 'NO', 'Before Tax', '', '2020-10-09', '2020-10-09', 'PRO-18047', '', 4000, 80, 2, 3920, 0, 0, '', '', 2, 3, 0, 0, '2020-10-09 14:51:20', '0000-00-00 00:00:00'),
(20, 0, 8, '', '', 12, 'NO', 'Before Tax', '', '2020-10-09', '2020-10-09', 'PRO-74301', '', 6000, 240, 4, 5760, 0, 0, '', '', 2, 3, 0, 0, '2020-10-09 14:53:24', '0000-00-00 00:00:00'),
(21, 0, 8, '', '', 12, 'NO', 'Before Tax', '', '2020-10-09', '2020-10-09', 'PRO-20430', '', 4000, 120, 1, 3880, 0, 0, '', '', 2, 3, 0, 0, '2020-10-09 14:55:48', '0000-00-00 00:00:00'),
(22, 0, 8, '', '', 12, 'NO', 'Before Tax', '', '2020-10-09', '2020-10-09', 'PRO-98139', '', 2000, 40, 2, 1960, 0, 0, '', '', 2, 3, 0, 0, '2020-10-09 14:58:29', '0000-00-00 00:00:00'),
(23, 0, 8, '', '', 12, 'NO', 'Before Tax', '', '2020-10-13', '2020-10-13', 'PRO-98148', '', 6000, 120, 2, 5880, 0, 0, '', '', 2, 3, 0, 0, '2020-10-13 15:59:39', '0000-00-00 00:00:00'),
(24, 0, 8, '', '', 12, 'NO', 'Before Tax', '', '2020-10-13', '2020-10-13', 'PRO-59499', '', 6000, 120, 2, 5880, 0, 0, '', '', 2, 3, 0, 0, '2020-10-13 20:57:45', '0000-00-00 00:00:00'),
(25, 0, 8, '', '', 12, 'NO', 'Before Tax', '', '2020-10-13', '2020-10-13', 'PRO-14081', '', 4000, 160, 4, 3840, 0, 0, '', '', 2, 3, 0, 0, '2020-10-13 21:02:04', '0000-00-00 00:00:00'),
(26, 0, 8, '', '', 12, 'NO', 'Before Tax', '', '2020-10-13', '2020-10-13', 'PRO-14867', '', 6000, 240, 4, 5760, 0, 0, '', '', 2, 3, 0, 0, '2020-10-13 21:05:24', '0000-00-00 00:00:00'),
(27, 0, 8, '', '', 12, 'NO', 'Before Tax', '', '2020-10-13', '2020-10-13', 'PRO-93009', '', 4000, 80, 2, 3920, 0, 0, '', '', 2, 3, 0, 0, '2020-10-13 21:48:55', '0000-00-00 00:00:00'),
(28, 0, 8, '', '', 12, 'NO', 'Before Tax', '', '2020-10-13', '2020-10-13', 'PRO-26385', '', 4000, 80, 2, 3920, 0, 0, '', '', 2, 3, 0, 0, '2020-10-13 21:49:19', '0000-00-00 00:00:00');

-- --------------------------------------------------------

--
-- Table structure for table `tbl_invoice_items`
--

CREATE TABLE `tbl_invoice_items` (
  `invoice_item_id` int(11) NOT NULL,
  `invoice_id` int(11) NOT NULL,
  `item_name` varchar(255) NOT NULL,
  `item_description` text NOT NULL,
  `quantity` int(11) NOT NULL,
  `item_rate` float NOT NULL,
  `is_blocked` tinyint(1) NOT NULL DEFAULT '0',
  `created_at` datetime NOT NULL,
  `is_deleted` tinyint(1) NOT NULL DEFAULT '0'
) ENGINE=InnoDB DEFAULT CHARSET=latin1;

--
-- Dumping data for table `tbl_invoice_items`
--

INSERT INTO `tbl_invoice_items` (`invoice_item_id`, `invoice_id`, `item_name`, `item_description`, `quantity`, `item_rate`, `is_blocked`, `created_at`, `is_deleted`) VALUES
(3, 4, 'civill', ' gggcgc', 2, 20, 0, '2020-08-01 05:19:09', 0),
(4, 5, 'civill', ' gggcgc', 3, 20, 0, '2020-08-01 05:19:31', 0),
(5, 6, 'civill', ' gggcgc', 2, 20, 0, '2020-08-01 05:24:23', 0),
(7, 8, 'Website Development', 'Website development with custom template and 5 pages', 1, 7999, 0, '2020-08-24 09:13:30', 0),
(8, 9, 'Website Development', 'Website development with custom template and 5 pages', 6, 7000, 0, '2020-08-26 17:48:20', 0),
(9, 10, 'Social Media Posting', ' Per Month.', 2, 2000, 0, '2020-09-12 00:05:59', 0),
(10, 11, 'Social Media Posting', ' Per Month.', 3, 2000, 0, '2020-09-12 00:06:32', 0),
(12, 13, 'Social Media Posting', ' Per Month.', 2, 2000, 0, '2020-09-14 14:52:19', 0),
(13, 14, 'Social Media Posting', ' Per Month.', 2, 2000, 0, '2020-09-15 04:38:06', 0),
(14, 15, 'Social Media Posting', ' Per Month.', 2, 2000, 0, '2020-09-15 04:38:46', 0),
(15, 7, 'civill', ' gggcgc', 10, 50, 0, '2020-09-16 21:53:31', 0),
(17, 12, 'Social Media Posting', ' Per Month.', 2, 2000, 0, '2020-09-16 22:13:16', 0),
(18, 16, 'Social Media Posting', ' Per Month.', 3, 2000, 0, '2020-10-09 14:40:08', 0),
(19, 17, 'Social Media Posting', ' Per Month.', 2, 2000, 0, '2020-10-09 14:43:18', 0),
(20, 18, 'Social Media Posting', ' Per Month.', 2, 2000, 0, '2020-10-09 14:43:25', 0),
(21, 19, 'Social Media Posting', ' Per Month.', 2, 2000, 0, '2020-10-09 14:51:20', 0),
(22, 20, 'Social Media Posting', ' Per Month.', 3, 2000, 0, '2020-10-09 14:53:24', 0),
(23, 21, 'Social Media Posting', ' Per Month.', 2, 2000, 0, '2020-10-09 14:55:48', 0),
(24, 22, 'Social Media Posting', ' Per Month.', 3, 2000, 0, '2020-10-09 14:58:29', 0),
(25, 23, 'Social Media Posting', ' Per Month.', 3, 2000, 0, '2020-10-13 15:59:39', 0),
(26, 24, 'Social Media Posting', ' Per Month.', 3, 2000, 0, '2020-10-13 20:57:45', 0),
(27, 25, 'Social Media Posting', ' Per Month.', 2, 2000, 0, '2020-10-13 21:02:04', 0),
(28, 26, 'Social Media Posting', ' Per Month.', 3, 2000, 0, '2020-10-13 21:05:24', 0),
(29, 27, 'Social Media Posting', ' Per Month.', 2, 2000, 0, '2020-10-13 21:48:55', 0),
(30, 28, 'Social Media Posting', ' Per Month.', 2, 2000, 0, '2020-10-13 21:49:19', 0);

-- --------------------------------------------------------

--
-- Table structure for table `tbl_items`
--

CREATE TABLE `tbl_items` (
  `item_id` int(11) NOT NULL,
  `item_name` varchar(255) NOT NULL,
  `description` text NOT NULL,
  `rate` float(10,2) NOT NULL,
  `tax` varchar(255) NOT NULL,
  `unit` varchar(100) NOT NULL,
  `is_deleted` tinyint(1) NOT NULL DEFAULT '0',
  `is_blocked` tinyint(1) NOT NULL DEFAULT '0',
  `created_at` datetime NOT NULL,
  `updated_at` datetime NOT NULL
) ENGINE=InnoDB DEFAULT CHARSET=latin1;

--
-- Dumping data for table `tbl_items`
--

INSERT INTO `tbl_items` (`item_id`, `item_name`, `description`, `rate`, `tax`, `unit`, `is_deleted`, `is_blocked`, `created_at`, `updated_at`) VALUES
(1, 'civill', ' gggcgc', 20.00, 'yes', 'kg', 1, 0, '2020-07-21 00:00:00', '2020-09-21 10:57:08'),
(2, 'fdgdfgdf', 'dsfsdfs', 10.00, 'dsfsd', 'kg', 1, 0, '2020-07-23 08:39:27', '2020-07-23 08:43:11'),
(3, 'sdfsdf', 'sddf', 24.00, '234', '34', 1, 0, '2020-07-23 08:40:03', '2020-07-23 08:42:10'),
(4, 'Website Development', 'Website development with custom template and 5 pages', 7999.00, '18%', '1', 0, 0, '2020-08-24 07:10:44', '0000-00-00 00:00:00'),
(5, 'Social Media Posting', ' Per Month.', 2000.00, '18%', '20', 0, 0, '2020-08-27 00:37:22', '2020-08-27 00:37:37');

-- --------------------------------------------------------

--
-- Table structure for table `tbl_leads`
--

CREATE TABLE `tbl_leads` (
  `leads_id` int(11) NOT NULL,
  `leads_status` int(11) NOT NULL,
  `leads_source` int(11) NOT NULL,
  `leads_assigned` int(11) NOT NULL,
  `tag_id` int(11) NOT NULL,
  `name` varchar(255) NOT NULL,
  `address` varchar(255) NOT NULL,
  `position` varchar(255) NOT NULL,
  `city` varchar(255) NOT NULL,
  `email` varchar(255) NOT NULL,
  `state` varchar(255) NOT NULL,
  `country` varchar(255) NOT NULL,
  `website` varchar(255) NOT NULL,
  `phone` varchar(10) NOT NULL,
  `zipcode` varchar(100) NOT NULL,
  `company` varchar(255) NOT NULL,
  `description` text NOT NULL,
  `add_as_user` tinyint(1) NOT NULL DEFAULT '0',
  `is_deleted` tinyint(1) NOT NULL DEFAULT '0',
  `is_blocked` tinyint(1) NOT NULL DEFAULT '0',
  `created_at` datetime NOT NULL,
  `updated_at` datetime NOT NULL
) ENGINE=InnoDB DEFAULT CHARSET=latin1;

--
-- Dumping data for table `tbl_leads`
--

INSERT INTO `tbl_leads` (`leads_id`, `leads_status`, `leads_source`, `leads_assigned`, `tag_id`, `name`, `address`, `position`, `city`, `email`, `state`, `country`, `website`, `phone`, `zipcode`, `company`, `description`, `add_as_user`, `is_deleted`, `is_blocked`, `created_at`, `updated_at`) VALUES
(1, 1, 18, 2, 4, 'Madhusudan Mishra', 'Central Avenue', 'Partner', 'Kolkata', 'mishra.madhusudan@gmail.com', 'West Bengal', 'India', 'agwani.com', '8486002939', '712102', 'Agwani', 'this is a test lead', 0, 0, 0, '2020-08-24 09:16:10', '0000-00-00 00:00:00'),
(2, 1, 20, 2, 6, 'MR. R Meheta', 'Bagbazar', 'CEO', 'KOLKATA', 'meheta@pidilite.com', 'WEST BENGAL', 'India', 'www.pidilite.com', '8709237702', '700010', 'Pidilite Ind', 'Social media posting.', 1, 0, 0, '2020-08-27 02:00:48', '0000-00-00 00:00:00'),
(3, 1, 22, 7, 7, 'vashkar paul', '', '', '', 'sumit.das.ncrts@gmail.com', '', '', '', '', '', '', '', 0, 0, 0, '2020-10-09 14:38:26', '0000-00-00 00:00:00'),
(4, 1, 20, 12, 4, 'P Saha', '', '', '', '', '', '', '', '', '', '', '', 0, 0, 0, '2020-09-21 19:33:53', '0000-00-00 00:00:00'),
(5, 1, 20, 10, 8, 'Dr. Abhijeet Mishra', '', '', '', '', '', '', '', '9993605454', '', '', '', 0, 0, 0, '2020-10-08 22:21:58', '0000-00-00 00:00:00');

-- --------------------------------------------------------

--
-- Table structure for table `tbl_leads_sources`
--

CREATE TABLE `tbl_leads_sources` (
  `sources_id` int(11) NOT NULL,
  `sources_name` varchar(255) NOT NULL,
  `is_deleted` tinyint(1) NOT NULL DEFAULT '0',
  `is_blocked` tinyint(1) NOT NULL DEFAULT '0',
  `created_at` datetime NOT NULL,
  `updated_at` datetime NOT NULL
) ENGINE=InnoDB DEFAULT CHARSET=latin1;

--
-- Dumping data for table `tbl_leads_sources`
--

INSERT INTO `tbl_leads_sources` (`sources_id`, `sources_name`, `is_deleted`, `is_blocked`, `created_at`, `updated_at`) VALUES
(17, 'FB Campaign', 0, 0, '2020-08-04 09:11:37', '2020-08-20 08:26:18'),
(18, 'SEO', 0, 0, '2020-08-04 09:11:44', '2020-08-20 08:24:53'),
(19, 'COI Saikat', 0, 0, '2020-08-20 08:25:14', '0000-00-00 00:00:00'),
(20, 'Whatsapp', 0, 0, '2020-08-27 01:51:14', '0000-00-00 00:00:00'),
(21, 'SMS', 0, 0, '2020-08-27 01:51:26', '0000-00-00 00:00:00'),
(22, 'SMO', 0, 0, '2020-08-27 01:51:38', '0000-00-00 00:00:00');

-- --------------------------------------------------------

--
-- Table structure for table `tbl_leads_status`
--

CREATE TABLE `tbl_leads_status` (
  `status_id` int(11) NOT NULL,
  `status_name` varchar(255) NOT NULL,
  `is_deleted` tinyint(1) NOT NULL DEFAULT '0',
  `is_blocked` tinyint(1) NOT NULL DEFAULT '0',
  `created_at` datetime NOT NULL,
  `updated_at` datetime NOT NULL
) ENGINE=InnoDB DEFAULT CHARSET=latin1;

--
-- Dumping data for table `tbl_leads_status`
--

INSERT INTO `tbl_leads_status` (`status_id`, `status_name`, `is_deleted`, `is_blocked`, `created_at`, `updated_at`) VALUES
(1, 'New', 0, 0, '2020-08-13 07:02:51', '0000-00-00 00:00:00'),
(2, 'Quote Sent', 0, 0, '2020-08-13 07:03:02', '0000-00-00 00:00:00'),
(3, 'Demo Done', 0, 0, '2020-08-13 07:03:12', '0000-00-00 00:00:00'),
(4, 'Converted', 0, 0, '2020-08-13 07:03:22', '0000-00-00 00:00:00'),
(5, 'Rejected By Client', 0, 0, '2020-08-13 07:03:36', '0000-00-00 00:00:00'),
(6, 'Rejected By Us', 0, 0, '2020-08-13 07:03:48', '0000-00-00 00:00:00');

-- --------------------------------------------------------

--
-- Table structure for table `tbl_logs`
--

CREATE TABLE `tbl_logs` (
  `logs_id` int(11) NOT NULL,
  `module_name` varchar(255) NOT NULL,
  `created_id` int(11) NOT NULL,
  `created_by` int(11) NOT NULL,
  `updated_by` int(11) NOT NULL,
  `created_at` datetime NOT NULL,
  `updated_at` datetime NOT NULL,
  `is_deleted` tinyint(1) NOT NULL DEFAULT '0',
  `is_blocked` tinyint(1) NOT NULL DEFAULT '0'
) ENGINE=InnoDB DEFAULT CHARSET=latin1;

-- --------------------------------------------------------

--
-- Table structure for table `tbl_notes`
--

CREATE TABLE `tbl_notes` (
  `note_id` int(11) NOT NULL,
  `user_id` int(11) NOT NULL,
  `description` text NOT NULL,
  `is_deleted` tinyint(1) NOT NULL DEFAULT '0',
  `is_blocked` tinyint(1) NOT NULL DEFAULT '0',
  `created_at` datetime NOT NULL,
  `updated_at` datetime NOT NULL
) ENGINE=InnoDB DEFAULT CHARSET=latin1;

--
-- Dumping data for table `tbl_notes`
--

INSERT INTO `tbl_notes` (`note_id`, `user_id`, `description`, `is_deleted`, `is_blocked`, `created_at`, `updated_at`) VALUES
(1, 5, 'new design required in next week. ', 0, 0, '2020-08-26 17:18:17', '0000-00-00 00:00:00'),
(2, 5, 'call tomorrow 12 pm for more details.', 0, 0, '2020-08-26 17:20:03', '0000-00-00 00:00:00');

-- --------------------------------------------------------

--
-- Table structure for table `tbl_staff`
--

CREATE TABLE `tbl_staff` (
  `staff_id` int(11) NOT NULL,
  `user_type` tinyint(1) NOT NULL DEFAULT '2',
  `is_deleted` tinyint(4) NOT NULL DEFAULT '0',
  `is_blocked` tinyint(4) NOT NULL DEFAULT '0',
  `created_at` datetime NOT NULL,
  `updated_at` datetime NOT NULL,
  `first_name` varchar(255) NOT NULL,
  `last_name` varchar(255) NOT NULL,
  `email` varchar(255) NOT NULL,
  `cv` varchar(455) NOT NULL,
  `hourly_rate` varchar(255) NOT NULL,
  `profile_image` varchar(455) NOT NULL,
  `phone` bigint(20) NOT NULL,
  `profile_img` varchar(255) NOT NULL,
  `facebook` varchar(255) NOT NULL,
  `linkln` varchar(255) NOT NULL,
  `skype` varchar(255) NOT NULL,
  `default_language` varchar(255) NOT NULL,
  `email_signature` text NOT NULL,
  `direction` text NOT NULL,
  `password` varchar(255) NOT NULL,
  `birth_date` varchar(255) NOT NULL,
  `anniversary_date` varchar(255) NOT NULL,
  `joining_date` varchar(255) NOT NULL,
  `resign_date` varchar(255) NOT NULL,
  `twitter` varchar(255) NOT NULL,
  `status` tinyint(1) NOT NULL DEFAULT '1'
) ENGINE=InnoDB DEFAULT CHARSET=latin1;

--
-- Dumping data for table `tbl_staff`
--

INSERT INTO `tbl_staff` (`staff_id`, `user_type`, `is_deleted`, `is_blocked`, `created_at`, `updated_at`, `first_name`, `last_name`, `email`, `cv`, `hourly_rate`, `profile_image`, `phone`, `profile_img`, `facebook`, `linkln`, `skype`, `default_language`, `email_signature`, `direction`, `password`, `birth_date`, `anniversary_date`, `joining_date`, `resign_date`, `twitter`, `status`) VALUES
(1, 1, 0, 0, '0000-00-00 00:00:00', '0000-00-00 00:00:00', 'BTN', 'Infosolution', 'admin@gmail.com', '', '', '', 0, '', '', '', '', '', '', '', '0e7517141fb53f21ee439b355b5a1d0a', '', '', '', '', '', 1),
(2, 2, 1, 0, '2020-08-20 08:42:00', '2020-09-03 02:12:24', 'Arindam', 'Choudhury', 'arindam.c@btninfosoluion.co.in', '1598266905.pdf', '0', '1598266905.png', 7003655919, '', 'facebook.com.', '', '', '', '', '', '3a1370c6e04bfa727ea46027b1c0a923', '1998-03-26', '2020-06-17', '', '', '', 1),
(3, 2, 0, 0, '2020-09-02 16:37:06', '0000-00-00 00:00:00', 'Kousik', 'Mukherjee', 'kousik.m@btninfosolution.co.in', '', '', '', 9836509655, '', '', '', '', '', '', '', 'ac3577f114f253603a88078c7eb8824f', '', '', '', '', '', 1),
(4, 2, 0, 1, '2020-09-02 16:38:21', '2020-11-03 09:49:22', 'Mrudang', 'Bhavsar', 'mrudang.b@btninfosolution.co.in', '', '', '', 8780212306, '', '', '', '', '', '', '', '05dbdec8c21fec038f6cec564a4b180a', '', '', '', '', '', 1),
(5, 2, 0, 1, '2020-09-02 16:39:55', '2020-11-03 09:49:17', 'Sneha', 'Dhumal', 'sneha.d@btninfosolution.co.in', '', '', '', 7385558242, '', '', '', '', '', '', '', 'b60fec3276fc83e1d67badf00081f9db', '', '', '', '', '', 1),
(6, 2, 0, 0, '2020-09-02 16:41:44', '0000-00-00 00:00:00', 'Nishigandha', 'Gade', 'nishigandha.g@btninfosolution.co.in', '', '', '', 9156043769, '', '', '', '', '', '', '', 'f57c188e5395c60b2b79e98f08ec1e03', '', '', '', '', '', 1),
(7, 2, 0, 1, '2020-09-02 16:42:34', '2021-07-01 07:40:46', 'Sumit', 'Das', 'sumit.d@btninfosolution.co.in', '', '', '', 8240406230, '', '', '', '', '', '', '', '6974b1b1e77a918464c3d1597ba3b05b', '', '', '', '', '', 1),
(8, 2, 0, 1, '2020-09-02 16:43:44', '2020-11-03 09:49:08', 'Nandini', 'Patel', 'nandni.kp@btninfosolution.co.in', '', '', '', 9662580514, '', '', '', '', '', '', '', '985d2eb272adc96858df8601574ab056', '', '', '', '', '', 1),
(9, 2, 0, 0, '2020-09-03 05:13:19', '0000-00-00 00:00:00', 'Pratap', 'Dasgupta', 'pratap.dg@btninfosolution.co.in', '', '', '', 9903378900, '', '', '', '', '', '', '', '29879b975d109bc4e2619059c0cd68ad', '', '', '', '', '', 1),
(10, 2, 0, 0, '2020-09-03 05:14:06', '0000-00-00 00:00:00', 'Saikat', 'Chatterjee', 'info@btninfosolution.in', '', '', '', 8336902519, '', '', '', '', '', '', '', '0a2fd37fffa1cc21e4957be3daf8f371', '', '', '', '', '', 1),
(11, 2, 0, 1, '2020-09-03 11:43:12', '2020-11-03 09:49:02', 'Arindam', 'Chaudhury', 'arindam.c@btninfosolution.co.in', '', '', '', 7003655919, '', '', '', '', '', '', '', '3a1370c6e04bfa727ea46027b1c0a923', '', '', '', '', '', 1),
(12, 2, 0, 1, '2020-09-21 19:31:25', '2020-11-03 09:48:56', 'Sandip', 'Mukherjee', 'sandip.m@btninfosolution.co.in', '', '', '', 9230130061, '', '', '', '', '', '', '', '67a2e2af49dc51c7952dcfdf32557e68', '', '', '', '', '', 1),
(13, 2, 0, 0, '2020-11-03 19:25:09', '2020-11-03 09:57:37', 'test staff', 'test staff', 'test@test.com', '', '', '1604397309.jpeg', 9876543210, '', '', '', '', '', '', '', '25f9e794323b453885f5181f1b624d0b', '2000-02-17', '', '', '', '', 1);

-- --------------------------------------------------------

--
-- Table structure for table `tbl_staff_permission`
--

CREATE TABLE `tbl_staff_permission` (
  `permission_id` int(11) NOT NULL,
  `staff_id` int(11) NOT NULL,
  `left_menu_title` int(11) NOT NULL,
  `global_view` tinyint(1) NOT NULL DEFAULT '0',
  `own_view` tinyint(1) NOT NULL DEFAULT '0',
  `is_add` tinyint(1) NOT NULL DEFAULT '0',
  `is_edit` tinyint(1) NOT NULL DEFAULT '0',
  `delete_permisson` tinyint(1) NOT NULL DEFAULT '0',
  `created_at` datetime NOT NULL,
  `updated_at` datetime NOT NULL
) ENGINE=InnoDB DEFAULT CHARSET=latin1;

--
-- Dumping data for table `tbl_staff_permission`
--

INSERT INTO `tbl_staff_permission` (`permission_id`, `staff_id`, `left_menu_title`, `global_view`, `own_view`, `is_add`, `is_edit`, `delete_permisson`, `created_at`, `updated_at`) VALUES
(132, 9, 1, 1, 1, 1, 1, 0, '0000-00-00 00:00:00', '0000-00-00 00:00:00'),
(133, 9, 2, 1, 1, 1, 1, 1, '0000-00-00 00:00:00', '0000-00-00 00:00:00'),
(134, 9, 3, 1, 1, 1, 1, 0, '0000-00-00 00:00:00', '0000-00-00 00:00:00'),
(135, 9, 4, 1, 0, 1, 1, 1, '0000-00-00 00:00:00', '0000-00-00 00:00:00'),
(136, 9, 5, 1, 0, 1, 1, 1, '0000-00-00 00:00:00', '0000-00-00 00:00:00'),
(137, 9, 6, 1, 0, 1, 1, 1, '0000-00-00 00:00:00', '0000-00-00 00:00:00');

-- --------------------------------------------------------

--
-- Table structure for table `tbl_tags`
--

CREATE TABLE `tbl_tags` (
  `tag_id` int(11) NOT NULL,
  `tag_name` varchar(255) NOT NULL,
  `is_deleted` tinyint(1) NOT NULL DEFAULT '0',
  `is_blocked` tinyint(1) NOT NULL DEFAULT '0',
  `created_at` datetime NOT NULL,
  `updated_at` datetime NOT NULL
) ENGINE=InnoDB DEFAULT CHARSET=latin1;

--
-- Dumping data for table `tbl_tags`
--

INSERT INTO `tbl_tags` (`tag_id`, `tag_name`, `is_deleted`, `is_blocked`, `created_at`, `updated_at`) VALUES
(1, 'seo', 1, 0, '0000-00-00 00:00:00', '2020-08-24 07:11:55'),
(2, 'dfsfdsf', 1, 0, '2020-07-27 00:17:34', '2020-07-27 00:24:00'),
(3, 'fds2', 1, 0, '2020-07-27 00:22:31', '2020-07-27 00:23:49'),
(4, 'Website Design', 0, 0, '2020-08-24 07:11:33', '0000-00-00 00:00:00'),
(5, 'SEO', 0, 0, '2020-08-24 07:12:03', '0000-00-00 00:00:00'),
(6, 'SMO', 0, 0, '2020-08-24 07:12:11', '0000-00-00 00:00:00'),
(7, 'Software Solution', 0, 0, '2020-08-27 00:38:52', '0000-00-00 00:00:00'),
(8, 'Social Graphic Design', 0, 0, '2020-10-08 12:51:40', '0000-00-00 00:00:00');

-- --------------------------------------------------------

--
-- Table structure for table `tbl_task`
--

CREATE TABLE `tbl_task` (
  `task_id` int(11) NOT NULL,
  `is_deleted` tinyint(4) NOT NULL,
  `is_blocked` tinyint(4) NOT NULL,
  `created_at` datetime NOT NULL DEFAULT CURRENT_TIMESTAMP,
  `updated_at` datetime NOT NULL DEFAULT CURRENT_TIMESTAMP ON UPDATE CURRENT_TIMESTAMP,
  `subject` varchar(255) NOT NULL,
  `hourly_rate` varchar(255) NOT NULL,
  `start_date` date NOT NULL,
  `due_date` date NOT NULL,
  `priority` varchar(255) NOT NULL,
  `repeat_every` varchar(255) NOT NULL,
  `cycle` int(11) NOT NULL,
  `infinity` varchar(50) NOT NULL,
  `related_to` varchar(255) NOT NULL,
  `staff_id` int(11) NOT NULL,
  `tag_id` int(11) NOT NULL,
  `description` text NOT NULL,
  `task_status` int(11) NOT NULL DEFAULT '1'
) ENGINE=InnoDB DEFAULT CHARSET=latin1;

--
-- Dumping data for table `tbl_task`
--

INSERT INTO `tbl_task` (`task_id`, `is_deleted`, `is_blocked`, `created_at`, `updated_at`, `subject`, `hourly_rate`, `start_date`, `due_date`, `priority`, `repeat_every`, `cycle`, `infinity`, `related_to`, `staff_id`, `tag_id`, `description`, `task_status`) VALUES
(1, 1, 0, '2020-08-27 01:46:11', '2020-09-03 05:02:02', 'Social Media Posting', '300', '2020-08-27', '2020-08-28', 'Urgent', 'Week', 0, '', 'Invoice', 2, 6, 'Minimum 3 post create pre hour.', 2),
(2, 1, 0, '2020-09-02 07:18:21', '2020-09-03 05:02:11', 'Check CRM Functionability', '', '2020-09-02', '2020-09-03', 'Medium', '', 0, '', 'Project', 3, 7, 'check the CRM thoroughly and report to admin', 2),
(3, 0, 0, '2020-09-02 10:48:57', '2020-09-03 12:44:24', 'Create Sende ID of honesty and MDCkol', '', '2020-09-02', '2020-09-03', 'Medium', '', 0, '', 'Customer', 9, 0, 'MDCkol not available for registration', 3),
(4, 0, 0, '2020-09-02 10:51:19', '2020-09-03 05:22:53', 'Upload electrickharido layout', '', '2020-09-02', '2020-09-03', 'Urgent', '', 0, '', 'Project', 9, 0, '', 3),
(5, 0, 0, '2020-09-02 10:58:12', '2020-09-03 10:57:41', 'Transfer leads to Sandip', '', '2020-09-02', '2020-09-03', 'Urgent', '', 0, '', 'Project', 9, 0, '', 3),
(6, 0, 0, '2020-09-02 11:27:57', '2020-09-03 05:44:14', 'Under construction page for agwani', '', '2020-09-02', '2020-09-03', 'Medium', '', 0, '', 'Project', 9, 0, '', 3),
(7, 0, 0, '2020-09-02 12:09:11', '2020-09-03 14:31:07', 'Competition analysis for pathology Software', '', '2020-09-02', '2020-09-03', 'Medium', '', 0, '', 'Project', 9, 0, '', 3),
(8, 0, 0, '2020-09-02 12:11:07', '2020-09-14 18:04:24', 'FB Post for Doctors, Past Clients, Existing clients', '', '2020-09-02', '2020-09-03', 'Medium', '', 0, '', 'Project', 9, 0, '', 3),
(9, 0, 0, '2020-09-02 12:56:53', '2020-09-03 14:22:21', 'Upload documents in MSP site. Mail sent', '', '2020-09-02', '2020-09-03', 'Medium', '', 0, '', 'Project', 9, 0, '', 3),
(10, 1, 0, '2020-09-02 19:50:43', '2020-09-02 19:51:15', 'Create An App for CRM', '', '2020-09-03', '2020-09-04', 'Medium', '', 0, '', 'Project', 0, 0, '', 1),
(11, 0, 0, '2020-09-02 19:51:39', '2020-09-03 05:52:22', 'Create An App for CRM', '', '2020-09-03', '2020-09-04', 'Medium', '', 0, '', 'Project', 9, 0, '', 3),
(12, 0, 0, '2020-09-03 05:09:33', '2020-09-03 17:24:59', 'Need Text Content for WhatsApp Post for Existing Clients', '', '2020-09-03', '2020-09-04', 'Medium', '', 0, '', 'Project', 11, 5, 'We will send WhatsApp to our Existing Clients. Need text to tell them that we are thankful to them to be with us in tough times and let them know about our new services.', 3),
(13, 0, 0, '2020-09-03 05:16:50', '2020-09-03 17:24:40', 'Need Text Content for WhatsApp Post for Past Clients', '', '2020-09-03', '2020-09-04', 'Medium', '', 0, '', 'Project', 11, 5, 'We will send WhatsApp to our previous Clients who are currently not working with us. Need text to tell them that we are sorry that we are not getting scope to serve them again. Still, we are thankful to them because they have kept faith in our service previously. Let them know that we are a stronger team now and very much eager to serve them again. ', 3),
(14, 0, 0, '2020-09-03 05:25:27', '2020-09-03 18:39:39', 'Need A Social Media post Targeting the Doctors', '', '2020-09-03', '2020-09-04', 'Medium', '', 0, '', 'Project', 11, 5, 'need a social media post offering service to doctors. main points have been sent by mail. please check your official mail', 3),
(16, 0, 0, '2020-09-04 13:31:21', '2020-09-07 11:21:28', 'Create presentation for AKMA Group', '', '2020-09-04', '2020-09-04', 'Medium', '', 0, '', 'Project', 9, 0, '', 3),
(17, 0, 0, '2020-09-04 13:32:12', '2020-09-04 19:02:12', 'Invoice for RRPC', '', '2020-09-04', '2020-09-05', 'Medium', '', 0, '', 'Project', 10, 0, '', 1),
(18, 0, 0, '2020-09-04 13:37:17', '2020-09-05 10:03:51', 'IEI West Bengal State Centre content update', '', '2020-09-04', '0000-00-00', 'Medium', '', 0, '', 'Project', 9, 0, '', 3),
(19, 0, 0, '2020-09-04 14:03:38', '2020-09-04 19:33:38', 'Jute Mobile App quotation ', '', '2020-09-04', '2020-09-07', 'Medium', '', 0, '', 'Project', 10, 0, '', 1),
(20, 0, 0, '2020-09-04 14:15:14', '2020-09-04 19:45:14', 'Electrickharido Freight Charge change', '', '2020-09-04', '2020-09-06', 'Medium', '', 0, '', 'Project', 10, 0, '', 1),
(21, 0, 0, '2020-09-05 16:22:09', '2020-09-05 21:52:09', 'Submit return to MSP', '', '2020-09-05', '2020-09-06', 'Medium', '', 0, '', 'Project', 10, 0, '', 1),
(22, 0, 0, '2020-09-07 02:27:41', '2020-09-07 14:36:30', 'Post new blog', '', '2020-09-07', '2020-09-07', 'Medium', '', 0, '', 'Project', 9, 0, '', 3),
(23, 0, 0, '2020-09-07 05:52:56', '2020-09-08 05:36:22', 'Change Sumans Label DNS record', '', '2020-09-07', '2020-09-08', 'Medium', '', 0, '', 'Project', 9, 0, '', 3),
(24, 0, 0, '2020-09-07 08:17:22', '2020-09-07 13:47:22', 'AKMA logo', '', '2020-09-07', '2020-09-07', 'Urgent', '', 0, '', 'Project', 4, 0, '', 1),
(25, 0, 0, '2020-09-07 08:24:31', '2020-09-08 06:39:52', 'Migrate Suman\'s label site to Cloudways', '', '2020-09-07', '2020-09-08', 'Medium', '', 0, '', 'Project', 9, 0, '', 3),
(26, 0, 0, '2020-09-07 08:50:00', '2020-09-07 18:34:25', 'Migrate landing page to BTN Infosolution website', '', '2020-09-07', '0000-00-00', 'Urgent', '', 0, '', 'Project', 9, 0, '', 3),
(27, 0, 0, '2020-09-07 13:06:57', '2020-09-08 10:42:02', 'Create Content For PS Creative website', '', '2020-09-07', '2020-09-09', 'Medium', '', 0, '', 'Project', 11, 4, 'Need Content for all pages of PSCreative Website.', 2),
(28, 0, 0, '2020-09-07 13:08:52', '2020-09-08 16:10:32', 'Complete List of new Book Marking Sites ', '', '2020-09-07', '0000-00-00', 'Medium', '', 0, '', 'Project', 11, 5, 'Give a Complete List of Bookmarking websites to Kousik.', 3),
(29, 0, 0, '2020-09-11 02:33:08', '2020-09-14 17:35:55', 'Disinfect ajlamba.com & whitehillrealty.com', '', '2020-09-11', '2020-09-11', 'Urgent', '', 0, '', 'Project', 9, 0, '', 3),
(30, 0, 0, '2020-09-14 12:10:31', '2020-09-14 17:40:31', 'Create New Mailer For Website Packeges', '', '2020-09-14', '2020-09-15', 'Medium', '', 0, '', 'Project', 4, 4, '', 1),
(31, 0, 0, '2020-09-14 12:35:41', '2020-09-14 18:05:41', 'New Home Page Design for Electrickharido', '', '2020-09-14', '2020-09-15', 'Medium', '', 0, '', 'Project', 5, 4, '', 1),
(32, 0, 0, '2020-09-14 12:39:58', '2020-09-14 18:10:22', 'remove all pricing table from BTN Site', '', '2020-09-14', '2020-09-15', 'Medium', '', 0, '', 'Project', 9, 4, '', 3),
(33, 0, 0, '2020-09-15 05:46:48', '2020-09-16 13:06:17', 'ajlambacoaching site restore', '', '2020-09-15', '2020-09-15', 'High', '', 0, '', 'Project', 9, 0, '', 3),
(34, 0, 0, '2020-09-15 05:49:15', '2020-09-15 11:19:15', 'error check', '', '2020-09-15', '0000-00-00', 'Medium', '', 0, '', 'Project', 7, 0, 'check', 2),
(35, 0, 0, '2020-09-15 07:18:27', '2020-09-16 13:05:11', 'Complete video of Mamta B', '', '2020-09-15', '2020-09-15', 'High', '', 0, '', 'Project', 9, 0, '', 3),
(36, 0, 0, '2020-09-22 07:46:08', '2020-09-22 13:16:08', 'Sliders for BTN Infosolution', '', '2020-09-22', '2020-09-24', 'High', '', 0, '', 'Project', 9, 0, '', 1),
(37, 0, 0, '2020-09-22 07:48:22', '2020-09-22 13:18:22', 'Prepare social media post content ', '', '2020-09-22', '2020-09-29', 'Medium', 'Week', 0, '', 'Project', 9, 0, '', 1),
(38, 0, 0, '2020-09-22 07:50:04', '2020-09-25 14:18:38', 'Post for Boutique, Bill Pro, CRM', '', '2020-09-22', '2020-09-23', 'Medium', '', 0, '', 'Project', 9, 0, '', 3),
(39, 0, 0, '2020-09-22 07:52:16', '2020-09-24 12:41:56', 'Update BTN Info site as per email sent', '', '2020-09-22', '2020-09-25', 'Medium', '', 0, '', 'Project', 9, 0, '', 2),
(40, 0, 0, '2020-09-22 07:54:25', '2020-09-22 13:24:25', 'Blog for BTN Infosolution 1 every month', '', '2020-09-22', '0000-00-00', 'Medium', '1 Month', 0, '', 'Project', 9, 0, '', 1);

-- --------------------------------------------------------

--
-- Table structure for table `tbl_tax`
--

CREATE TABLE `tbl_tax` (
  `tax_id` int(11) NOT NULL,
  `tax_name` varchar(100) NOT NULL,
  `tax_rate` int(11) NOT NULL,
  `is_deleted` tinyint(1) NOT NULL DEFAULT '0',
  `is_blocked` tinyint(1) NOT NULL DEFAULT '0',
  `created_at` datetime NOT NULL,
  `updated_at` datetime NOT NULL
) ENGINE=InnoDB DEFAULT CHARSET=latin1;

--
-- Dumping data for table `tbl_tax`
--

INSERT INTO `tbl_tax` (`tax_id`, `tax_name`, `tax_rate`, `is_deleted`, `is_blocked`, `created_at`, `updated_at`) VALUES
(1, ' ws', 0, 0, 0, '2020-07-24 18:28:26', '0000-00-00 00:00:00'),
(2, 'as', 0, 0, 0, '2020-07-24 18:36:33', '0000-00-00 00:00:00'),
(3, '3e', 0, 0, 0, '2020-07-24 18:39:03', '0000-00-00 00:00:00'),
(4, 'tre', 0, 0, 0, '2020-07-24 18:41:15', '0000-00-00 00:00:00'),
(5, 'wert', 0, 0, 0, '2020-07-24 18:43:59', '0000-00-00 00:00:00'),
(6, 'dow', 0, 0, 0, '2020-07-24 21:30:27', '0000-00-00 00:00:00'),
(7, 'qerty', 0, 0, 0, '2020-07-24 21:36:37', '0000-00-00 00:00:00'),
(8, 'ew', 0, 0, 0, '2020-07-24 21:37:58', '0000-00-00 00:00:00'),
(9, ' ws2', 0, 0, 0, '2020-07-24 21:38:20', '0000-00-00 00:00:00'),
(10, 'fas', 0, 0, 0, '2020-07-24 21:41:13', '0000-00-00 00:00:00'),
(11, ' dd', 23, 0, 0, '2020-07-25 19:51:34', '0000-00-00 00:00:00'),
(12, 'ter', 321, 0, 0, '2020-07-25 19:52:22', '2020-07-26 07:05:31'),
(13, 'ram', 672, 1, 0, '2020-07-26 06:43:18', '2020-07-26 07:06:17'),
(14, 'eert', 0, 1, 0, '2020-07-26 07:09:51', '2020-08-24 07:12:44'),
(15, 'sss', 32, 1, 0, '2020-07-26 07:10:36', '2020-08-24 07:12:49'),
(16, 'fer', 54, 0, 0, '2020-07-26 07:21:35', '2020-07-26 07:21:58'),
(17, 'tr', 0, 0, 0, '2020-07-26 07:22:55', '0000-00-00 00:00:00'),
(18, 'fgfyu', 2, 1, 0, '2020-07-26 07:23:44', '2020-07-26 07:24:26'),
(19, 'sadsadsfg', 25, 1, 0, '2020-07-27 00:34:08', '2020-07-27 00:36:44'),
(20, 'GST', 18, 0, 0, '2020-08-24 07:12:34', '0000-00-00 00:00:00');

-- --------------------------------------------------------

--
-- Table structure for table `users`
--

CREATE TABLE `users` (
  `id` int(11) NOT NULL,
  `user_type` tinyint(1) NOT NULL,
  `company_name` varchar(255) NOT NULL,
  `client_name` varchar(255) NOT NULL,
  `billing_city` varchar(255) NOT NULL,
  `billing_state` varchar(255) NOT NULL,
  `billing_country_id` int(11) NOT NULL,
  `billing_zip` varchar(20) NOT NULL,
  `billing_address` varchar(255) NOT NULL,
  `gst_no` varchar(255) NOT NULL,
  `phone` varchar(10) NOT NULL,
  `website` varchar(255) NOT NULL,
  `group_id` int(11) NOT NULL,
  `currency_id` int(11) NOT NULL,
  `address` varchar(255) NOT NULL,
  `city` varchar(255) NOT NULL,
  `state` varchar(100) NOT NULL,
  `country_id` int(11) NOT NULL,
  `is_blocked` tinyint(1) NOT NULL DEFAULT '0',
  `is_deleted` tinyint(1) NOT NULL DEFAULT '0',
  `created_at` datetime NOT NULL,
  `updated_at` datetime NOT NULL
) ENGINE=InnoDB DEFAULT CHARSET=latin1;

--
-- Dumping data for table `users`
--

INSERT INTO `users` (`id`, `user_type`, `company_name`, `client_name`, `billing_city`, `billing_state`, `billing_country_id`, `billing_zip`, `billing_address`, `gst_no`, `phone`, `website`, `group_id`, `currency_id`, `address`, `city`, `state`, `country_id`, `is_blocked`, `is_deleted`, `created_at`, `updated_at`) VALUES
(1, 2, 'bTN INFOSOLUTION', 'btn', '', '', 0, '', '', '2163GWGSDFSD', '903823456', 'WWWW.BTNINFO.COM', 1, 1, 'dumdum', 'kolkata', 'west bengal', 1, 0, 0, '2020-07-08 02:18:27', '2020-07-25 04:06:21'),
(2, 2, '', 'sumit das', 'kolkata', '', 0, '', '', '', '9038234563', '', 1, 0, '', '', '', 1, 0, 0, '0000-00-00 00:00:00', '2020-07-09 07:22:48'),
(3, 2, '', 'sdfsdfsd', 'sdfdsf', 'sdfsdfsdf', 0, '88686', 'sdfsdf', '', '8787656789', '', 0, 0, '', '', 'ghgfhfh', 0, 0, 0, '0000-00-00 00:00:00', '2020-07-10 03:02:33'),
(4, 2, 'Demo Company', 'Demo Client', '', '', 0, '', '', '', '9876543210', 'www.html.com', 3, 0, 'web address', 'Chinsurah', 'West Bengal', 1, 0, 0, '2020-07-13 01:19:11', '2020-07-13 01:22:35'),
(5, 2, 'ZICON', 'MR. DAS', 'HOWRAH', 'WEST BENGAL', 1, '711204', 'DOMJUR, HOWRAH', 'CGF22364', '9880023000', 'www.zicon.in', 3, 0, '2, a.j.b road, 700020', 'KOLKATA', 'WEST BENGAL', 1, 0, 0, '2020-08-26 17:14:52', '2020-08-26 17:30:17'),
(6, 2, 'HUL', 'MR. BHADRA', 'HOWRAH', 'WEST BENGAL', 1, '711211', '', '', '6297456312', 'HUL.IN', 0, 0, '', 'HOWRAH', 'HOWRAH', 1, 0, 0, '2020-08-26 18:02:14', '0000-00-00 00:00:00'),
(7, 2, '', 'MR. R Meheta', '', '', 0, '', '', '', '8709237702', '', 0, 0, 'Bagbazar', 'KOLKATA', 'WEST BENGAL', 0, 0, 0, '2020-08-27 02:00:48', '0000-00-00 00:00:00'),
(8, 2, 'Career World Online', 'Sourav Dasgupta', '', '', 0, '', '', '', '9830750001', 'http://careerworldonline.in', 0, 0, '', '', '', 1, 0, 0, '2020-09-16 17:09:53', '2020-09-16 18:59:24'),
(9, 2, 'sumit', 'sumit', '', '', 0, '', '', '', '9898789876', 'sumit.com', 0, 0, '', 'kolkata', 'west bengal', 1, 0, 0, '2020-09-16 17:22:54', '2020-09-16 18:58:20');

--
-- Indexes for dumped tables
--

--
-- Indexes for table `tbl_access_log`
--
ALTER TABLE `tbl_access_log`
  ADD PRIMARY KEY (`log_id`);

--
-- Indexes for table `tbl_admin`
--
ALTER TABLE `tbl_admin`
  ADD PRIMARY KEY (`id`);

--
-- Indexes for table `tbl_client_contacts`
--
ALTER TABLE `tbl_client_contacts`
  ADD PRIMARY KEY (`contact_id`);

--
-- Indexes for table `tbl_contract`
--
ALTER TABLE `tbl_contract`
  ADD PRIMARY KEY (`contract_id`);

--
-- Indexes for table `tbl_contractm`
--
ALTER TABLE `tbl_contractm`
  ADD PRIMARY KEY (`contractm_id`);

--
-- Indexes for table `tbl_countries`
--
ALTER TABLE `tbl_countries`
  ADD PRIMARY KEY (`country_id`);

--
-- Indexes for table `tbl_customer_groups`
--
ALTER TABLE `tbl_customer_groups`
  ADD PRIMARY KEY (`customer_group_id`);

--
-- Indexes for table `tbl_expense`
--
ALTER TABLE `tbl_expense`
  ADD PRIMARY KEY (`expense_id`);

--
-- Indexes for table `tbl_expense_catogory`
--
ALTER TABLE `tbl_expense_catogory`
  ADD PRIMARY KEY (`expense_catogory_id`);

--
-- Indexes for table `tbl_groups`
--
ALTER TABLE `tbl_groups`
  ADD PRIMARY KEY (`group_id`);

--
-- Indexes for table `tbl_invoices`
--
ALTER TABLE `tbl_invoices`
  ADD PRIMARY KEY (`invoice_id`);

--
-- Indexes for table `tbl_invoice_items`
--
ALTER TABLE `tbl_invoice_items`
  ADD PRIMARY KEY (`invoice_item_id`);

--
-- Indexes for table `tbl_items`
--
ALTER TABLE `tbl_items`
  ADD PRIMARY KEY (`item_id`);

--
-- Indexes for table `tbl_leads`
--
ALTER TABLE `tbl_leads`
  ADD PRIMARY KEY (`leads_id`);

--
-- Indexes for table `tbl_leads_sources`
--
ALTER TABLE `tbl_leads_sources`
  ADD PRIMARY KEY (`sources_id`);

--
-- Indexes for table `tbl_leads_status`
--
ALTER TABLE `tbl_leads_status`
  ADD PRIMARY KEY (`status_id`);

--
-- Indexes for table `tbl_logs`
--
ALTER TABLE `tbl_logs`
  ADD PRIMARY KEY (`logs_id`);

--
-- Indexes for table `tbl_notes`
--
ALTER TABLE `tbl_notes`
  ADD PRIMARY KEY (`note_id`);

--
-- Indexes for table `tbl_staff`
--
ALTER TABLE `tbl_staff`
  ADD PRIMARY KEY (`staff_id`);

--
-- Indexes for table `tbl_staff_permission`
--
ALTER TABLE `tbl_staff_permission`
  ADD PRIMARY KEY (`permission_id`);

--
-- Indexes for table `tbl_tags`
--
ALTER TABLE `tbl_tags`
  ADD PRIMARY KEY (`tag_id`);

--
-- Indexes for table `tbl_task`
--
ALTER TABLE `tbl_task`
  ADD PRIMARY KEY (`task_id`);

--
-- Indexes for table `tbl_tax`
--
ALTER TABLE `tbl_tax`
  ADD PRIMARY KEY (`tax_id`);

--
-- Indexes for table `users`
--
ALTER TABLE `users`
  ADD PRIMARY KEY (`id`);

--
-- AUTO_INCREMENT for dumped tables
--

--
-- AUTO_INCREMENT for table `tbl_access_log`
--
ALTER TABLE `tbl_access_log`
  MODIFY `log_id` int(11) NOT NULL AUTO_INCREMENT, AUTO_INCREMENT=323;

--
-- AUTO_INCREMENT for table `tbl_admin`
--
ALTER TABLE `tbl_admin`
  MODIFY `id` int(11) NOT NULL AUTO_INCREMENT, AUTO_INCREMENT=2;

--
-- AUTO_INCREMENT for table `tbl_client_contacts`
--
ALTER TABLE `tbl_client_contacts`
  MODIFY `contact_id` int(11) NOT NULL AUTO_INCREMENT, AUTO_INCREMENT=2;

--
-- AUTO_INCREMENT for table `tbl_contract`
--
ALTER TABLE `tbl_contract`
  MODIFY `contract_id` int(11) NOT NULL AUTO_INCREMENT, AUTO_INCREMENT=15;

--
-- AUTO_INCREMENT for table `tbl_contractm`
--
ALTER TABLE `tbl_contractm`
  MODIFY `contractm_id` int(11) NOT NULL AUTO_INCREMENT, AUTO_INCREMENT=3;

--
-- AUTO_INCREMENT for table `tbl_countries`
--
ALTER TABLE `tbl_countries`
  MODIFY `country_id` int(11) NOT NULL AUTO_INCREMENT, AUTO_INCREMENT=2;

--
-- AUTO_INCREMENT for table `tbl_customer_groups`
--
ALTER TABLE `tbl_customer_groups`
  MODIFY `customer_group_id` int(11) NOT NULL AUTO_INCREMENT, AUTO_INCREMENT=8;

--
-- AUTO_INCREMENT for table `tbl_expense`
--
ALTER TABLE `tbl_expense`
  MODIFY `expense_id` int(11) NOT NULL AUTO_INCREMENT, AUTO_INCREMENT=8;

--
-- AUTO_INCREMENT for table `tbl_expense_catogory`
--
ALTER TABLE `tbl_expense_catogory`
  MODIFY `expense_catogory_id` int(11) NOT NULL AUTO_INCREMENT, AUTO_INCREMENT=6;

--
-- AUTO_INCREMENT for table `tbl_groups`
--
ALTER TABLE `tbl_groups`
  MODIFY `group_id` int(11) NOT NULL AUTO_INCREMENT, AUTO_INCREMENT=13;

--
-- AUTO_INCREMENT for table `tbl_invoices`
--
ALTER TABLE `tbl_invoices`
  MODIFY `invoice_id` int(11) NOT NULL AUTO_INCREMENT, AUTO_INCREMENT=29;

--
-- AUTO_INCREMENT for table `tbl_invoice_items`
--
ALTER TABLE `tbl_invoice_items`
  MODIFY `invoice_item_id` int(11) NOT NULL AUTO_INCREMENT, AUTO_INCREMENT=31;

--
-- AUTO_INCREMENT for table `tbl_items`
--
ALTER TABLE `tbl_items`
  MODIFY `item_id` int(11) NOT NULL AUTO_INCREMENT, AUTO_INCREMENT=6;

--
-- AUTO_INCREMENT for table `tbl_leads`
--
ALTER TABLE `tbl_leads`
  MODIFY `leads_id` int(11) NOT NULL AUTO_INCREMENT, AUTO_INCREMENT=6;

--
-- AUTO_INCREMENT for table `tbl_leads_sources`
--
ALTER TABLE `tbl_leads_sources`
  MODIFY `sources_id` int(11) NOT NULL AUTO_INCREMENT, AUTO_INCREMENT=23;

--
-- AUTO_INCREMENT for table `tbl_leads_status`
--
ALTER TABLE `tbl_leads_status`
  MODIFY `status_id` int(11) NOT NULL AUTO_INCREMENT, AUTO_INCREMENT=7;

--
-- AUTO_INCREMENT for table `tbl_logs`
--
ALTER TABLE `tbl_logs`
  MODIFY `logs_id` int(11) NOT NULL AUTO_INCREMENT;

--
-- AUTO_INCREMENT for table `tbl_notes`
--
ALTER TABLE `tbl_notes`
  MODIFY `note_id` int(11) NOT NULL AUTO_INCREMENT, AUTO_INCREMENT=3;

--
-- AUTO_INCREMENT for table `tbl_staff`
--
ALTER TABLE `tbl_staff`
  MODIFY `staff_id` int(11) NOT NULL AUTO_INCREMENT, AUTO_INCREMENT=14;

--
-- AUTO_INCREMENT for table `tbl_staff_permission`
--
ALTER TABLE `tbl_staff_permission`
  MODIFY `permission_id` int(11) NOT NULL AUTO_INCREMENT, AUTO_INCREMENT=138;

--
-- AUTO_INCREMENT for table `tbl_tags`
--
ALTER TABLE `tbl_tags`
  MODIFY `tag_id` int(11) NOT NULL AUTO_INCREMENT, AUTO_INCREMENT=9;

--
-- AUTO_INCREMENT for table `tbl_task`
--
ALTER TABLE `tbl_task`
  MODIFY `task_id` int(11) NOT NULL AUTO_INCREMENT, AUTO_INCREMENT=41;

--
-- AUTO_INCREMENT for table `tbl_tax`
--
ALTER TABLE `tbl_tax`
  MODIFY `tax_id` int(11) NOT NULL AUTO_INCREMENT, AUTO_INCREMENT=21;

--
-- AUTO_INCREMENT for table `users`
--
ALTER TABLE `users`
  MODIFY `id` int(11) NOT NULL AUTO_INCREMENT, AUTO_INCREMENT=10;
COMMIT;

/*!40101 SET CHARACTER_SET_CLIENT=@OLD_CHARACTER_SET_CLIENT */;
/*!40101 SET CHARACTER_SET_RESULTS=@OLD_CHARACTER_SET_RESULTS */;
/*!40101 SET COLLATION_CONNECTION=@OLD_COLLATION_CONNECTION */;
