-- phpMyAdmin SQL Dump
-- version 4.9.0.1
-- https://www.phpmyadmin.net/
--
-- Host: 127.0.0.1
-- Generation Time: Aug 16, 2019 at 01:52 PM
-- Server version: 10.3.15-MariaDB
-- PHP Version: 7.2.19

SET SQL_MODE = "NO_AUTO_VALUE_ON_ZERO";
SET AUTOCOMMIT = 0;
START TRANSACTION;
SET time_zone = "+00:00";


/*!40101 SET @OLD_CHARACTER_SET_CLIENT=@@CHARACTER_SET_CLIENT */;
/*!40101 SET @OLD_CHARACTER_SET_RESULTS=@@CHARACTER_SET_RESULTS */;
/*!40101 SET @OLD_COLLATION_CONNECTION=@@COLLATION_CONNECTION */;
/*!40101 SET NAMES utf8mb4 */;

--
-- Database: `cargo_courier_db`
--

-- --------------------------------------------------------

--
-- Table structure for table `cca_access_token`
--

CREATE TABLE `cca_access_token` (
  `token_id` int(11) NOT NULL,
  `user_id` int(11) NOT NULL,
  `device_type` int(11) NOT NULL,
  `device_unique_code` varchar(455) NOT NULL,
  `access_token` varchar(455) NOT NULL,
  `notification_code` varchar(555) NOT NULL,
  `is_deleted` int(11) NOT NULL DEFAULT 0,
  `created_at` datetime NOT NULL,
  `updated_at` datetime NOT NULL,
  `deleted_at` datetime DEFAULT NULL
) ENGINE=InnoDB DEFAULT CHARSET=latin1;

--
-- Dumping data for table `cca_access_token`
--

INSERT INTO `cca_access_token` (`token_id`, `user_id`, `device_type`, `device_unique_code`, `access_token`, `notification_code`, `is_deleted`, `created_at`, `updated_at`, `deleted_at`) VALUES
(1, 2, 1, '12222', 'eyJ0eXAiOiJKV1QiLCJhbGciOiJIUzI1NiJ9.eyJzdWIiOjIsImlzcyI6Imh0dHA6Ly9sb2NhbGhvc3QvY291cmllcmFwcC9BUEkvbG9naW4iLCJpYXQiOjE1NjI4MzY3MjUsImV4cCI6MTU2Mjg0MDMyNSwibmJmIjoxNTYyODM2NzI1LCJqdGkiOiJpVDlSVkFaYXlScWtsQjdsIn0.qv4wF0Ua_KUh-dfgw_Vc4EskG0cdDcuYB3AXGg_PzN0', '', 1, '0000-00-00 00:00:00', '2019-07-26 07:17:09', '2019-07-26 07:17:09'),
(2, 2, 1, '12222', 'eyJ0eXAiOiJKV1QiLCJhbGciOiJIUzI1NiJ9.eyJzdWIiOjIsImlzcyI6Imh0dHA6Ly9sb2NhbGhvc3QvY291cmllcmFwcC9BUEkvbG9naW4iLCJpYXQiOjE1NjI4NDA2MzYsImV4cCI6MTU2Mjg0NDIzNiwibmJmIjoxNTYyODQwNjM2LCJqdGkiOiJjTlFtdUhxUlRrenVxakdnIn0.fAFlztBwRAcyCjt40nMFtJeZvB8yON1G5n6KjRb-ZYI', '', 1, '2019-07-11 10:23:56', '2019-07-26 07:17:09', '2019-07-26 07:17:09'),
(3, 2, 1, '12222', 'eyJ0eXAiOiJKV1QiLCJhbGciOiJIUzI1NiJ9.eyJzdWIiOjIsImlzcyI6Imh0dHA6Ly9sb2NhbGhvc3QvY291cmllcmFwcC9BUEkvbG9naW4iLCJpYXQiOjE1NjI4NDEyNjUsImV4cCI6MTU2Mjg0NDg2NSwibmJmIjoxNTYyODQxMjY1LCJqdGkiOiJ0bnFHanhzSG5JN3dQUlp1In0.MZOO-8PN-OCKeBzgKrlsVPTAW36_j1x5GCiEwH0WRW0', '', 1, '2019-07-11 10:34:25', '2019-07-26 07:17:09', '2019-07-26 07:17:09'),
(4, 2, 1, '12222', 'eyJ0eXAiOiJKV1QiLCJhbGciOiJIUzI1NiJ9.eyJzdWIiOjIsImlzcyI6Imh0dHA6Ly9sb2NhbGhvc3QvY291cmllcmFwcC9BUEkvbG9naW4iLCJpYXQiOjE1NjI4NDE1MDMsImV4cCI6MTU2Mjg0NTEwMywibmJmIjoxNTYyODQxNTAzLCJqdGkiOiJ1eEdsdTJwM2tQajNZYkRVIn0.0gWBCOgd4aCTB4l2uMk3Lrqgow7NTsRptXR2IxeiUno', '', 1, '2019-07-11 10:38:23', '2019-07-26 07:17:09', '2019-07-26 07:17:09'),
(5, 2, 1, '12222', 'eyJ0eXAiOiJKV1QiLCJhbGciOiJIUzI1NiJ9.eyJzdWIiOjIsImlzcyI6Imh0dHA6Ly9sb2NhbGhvc3QvY291cmllcmFwcC9BUEkvbG9naW4iLCJpYXQiOjE1NjI4NDE2NTksImV4cCI6MTU2Mjg0NTI1OSwibmJmIjoxNTYyODQxNjU5LCJqdGkiOiJwdVFhMFd2eTBMRkhnUlZFIn0.-86m0tJydqzHJyMjp7iD5GB83TddXyMQ160g6Q3w3Io', '', 1, '2019-07-11 10:40:59', '2019-07-26 07:17:09', '2019-07-26 07:17:09'),
(6, 2, 1, '12222', 'eyJ0eXAiOiJKV1QiLCJhbGciOiJIUzI1NiJ9.eyJzdWIiOjIsImlzcyI6Imh0dHA6Ly9sb2NhbGhvc3QvY291cmllcmFwcC9BUEkvbG9naW4iLCJpYXQiOjE1NjI4NDIxMjUsImV4cCI6MTU2Mjg0NTcyNSwibmJmIjoxNTYyODQyMTI1LCJqdGkiOiJPQjhXSW4xY0hMblRMa3R3In0.HGGionAPB2QZG_blJyzYuXBv05X5_rPVKPTRtDwW5Us', '', 1, '2019-07-11 10:48:45', '2019-07-26 07:17:09', '2019-07-26 07:17:09'),
(7, 2, 1, '12222', 'eyJ0eXAiOiJKV1QiLCJhbGciOiJIUzI1NiJ9.eyJzdWIiOjIsImlzcyI6Imh0dHA6Ly9sb2NhbGhvc3QvY291cmllcmFwcC9BUEkvbG9naW4iLCJpYXQiOjE1NjI4NDI5MTAsImV4cCI6MTU2Mjg0NjUxMCwibmJmIjoxNTYyODQyOTEwLCJqdGkiOiJ4U3R0Qlp3SmFibEdUVnBWIn0.vsfdHAnXCPEsQp_C0I7GOu96TKvu8e5crREcMk9utjI', '', 1, '2019-07-11 11:01:50', '2019-07-26 07:17:09', '2019-07-26 07:17:09'),
(8, 2, 1, '12222', 'eyJ0eXAiOiJKV1QiLCJhbGciOiJIUzI1NiJ9.eyJzdWIiOjIsImlzcyI6Imh0dHA6Ly9sb2NhbGhvc3QvY291cmllcmFwcC9BUEkvbG9naW4iLCJpYXQiOjE1NjI4NDI5MzEsImV4cCI6MTU2Mjg0NjUzMSwibmJmIjoxNTYyODQyOTMxLCJqdGkiOiJoZkNjSnJydzNGQllRNWNEIn0.B6w15vn4-q4loJ0N9XR9bfRb98bnvnjUrvj1ive-P0o', '', 1, '2019-07-11 11:02:11', '2019-07-26 07:17:09', '2019-07-26 07:17:09'),
(9, 2, 1, '12222', 'eyJ0eXAiOiJKV1QiLCJhbGciOiJIUzI1NiJ9.eyJzdWIiOjIsImlzcyI6Imh0dHA6Ly9sb2NhbGhvc3QvY291cmllcmFwcC9BUEkvbG9naW4iLCJpYXQiOjE1NjI4NDMyMTYsImV4cCI6MTU2Mjg0NjgxNiwibmJmIjoxNTYyODQzMjE2LCJqdGkiOiJLcWo4RUxHb0FoMXJ3T0drIn0.VveCPll4oYTqzrp4FUH5HWdCzdLQMq8iUH__ltPYiF4', '', 1, '2019-07-11 11:06:56', '2019-07-26 07:17:09', '2019-07-26 07:17:09'),
(10, 2, 1, '12222', 'eyJ0eXAiOiJKV1QiLCJhbGciOiJIUzI1NiJ9.eyJzdWIiOjIsImlzcyI6Imh0dHA6Ly9sb2NhbGhvc3QvY291cmllcmFwcC9BUEkvbG9naW4iLCJpYXQiOjE1NjI4NDMzNzAsImV4cCI6MTU2Mjg0Njk3MCwibmJmIjoxNTYyODQzMzcwLCJqdGkiOiJDYzhneXVNMWRxZ2hjMlRmIn0.4OmnTBGWfEaxXX-jNna8H1c2yPOC_jmJQgjeXFaD0fo', '', 1, '2019-07-11 11:09:30', '2019-07-26 07:17:09', '2019-07-26 07:17:09'),
(11, 2, 1, '12222', 'eyJ0eXAiOiJKV1QiLCJhbGciOiJIUzI1NiJ9.eyJzdWIiOjIsImlzcyI6Imh0dHA6Ly9sb2NhbGhvc3QvY291cmllcmFwcC9BUEkvbG9naW4iLCJpYXQiOjE1NjI4NDM0NDgsImV4cCI6MTU2Mjg0NzA0OCwibmJmIjoxNTYyODQzNDQ4LCJqdGkiOiJKd09NMGtPUE15cllTRThlIn0.ngCBHW6U3-Sk9L5O7P-ghd20ZIVuKF500fdZCo0T2aQ', '', 1, '2019-07-11 11:10:48', '2019-07-26 07:17:09', '2019-07-26 07:17:09'),
(12, 2, 1, '12222', 'eyJ0eXAiOiJKV1QiLCJhbGciOiJIUzI1NiJ9.eyJzdWIiOjIsImlzcyI6Imh0dHA6Ly9sb2NhbGhvc3QvY291cmllcmFwcC9BUEkvbG9naW4iLCJpYXQiOjE1NjI4NDU2MDYsImV4cCI6MTU2Mjg0OTIwNiwibmJmIjoxNTYyODQ1NjA2LCJqdGkiOiI0SEVsS3lEeTBoUFZyZ0NsIn0.pzMTzw-4qmCcqckrMv3RPtVySCIp2O7zQOjSpc61j7c', '', 1, '2019-07-11 11:46:47', '2019-07-26 07:17:09', '2019-07-26 07:17:09'),
(13, 2, 1, '12222', 'eyJ0eXAiOiJKV1QiLCJhbGciOiJIUzI1NiJ9.eyJzdWIiOjIsImlzcyI6Imh0dHA6Ly9sb2NhbGhvc3QvY291cmllcmFwcC9BUEkvbG9naW4iLCJpYXQiOjE1NjI4NDU2MTksImV4cCI6MTU2Mjg0OTIxOSwibmJmIjoxNTYyODQ1NjE5LCJqdGkiOiJMcW5oWjdPOGF5cENjYlR4In0.5hAnQIfgD7eooi0LfhA7UiCSNKaIcg9EF2y-oyfWNMQ', '', 1, '2019-07-11 11:46:59', '2019-07-26 07:17:09', '2019-07-26 07:17:09'),
(14, 2, 1, '12222', 'eyJ0eXAiOiJKV1QiLCJhbGciOiJIUzI1NiJ9.eyJzdWIiOjIsImlzcyI6Imh0dHA6Ly9sb2NhbGhvc3QvY291cmllcmFwcC9BUEkvbG9naW4iLCJpYXQiOjE1NjI4NTE0NzQsImV4cCI6MTU2Mjg1NTA3NCwibmJmIjoxNTYyODUxNDc0LCJqdGkiOiJnbHhIUThORlJIZUMxWnVmIn0._-1guNAA9gtqc0lViErxQMOnEeMpq3-hHBx8PLrie3E', '', 1, '2019-07-11 13:24:34', '2019-07-26 07:17:09', '2019-07-26 07:17:09'),
(15, 2, 1, '12222', 'eyJ0eXAiOiJKV1QiLCJhbGciOiJIUzI1NiJ9.eyJzdWIiOjIsImlzcyI6Imh0dHA6Ly9sb2NhbGhvc3QvY291cmllcmFwcC9BUEkvbG9naW4iLCJpYXQiOjE1NjI4NTE1ODAsImV4cCI6MTU2Mjg1NTE4MCwibmJmIjoxNTYyODUxNTgwLCJqdGkiOiJ6SmljMTVXMzJjU1U5eW5ZIn0.v2jv86VRSMBv1ezjEzBA7M-EIfV-AZClmKgpqgeudaM', '', 1, '2019-07-11 13:26:20', '2019-07-26 07:17:09', '2019-07-26 07:17:09'),
(16, 2, 1, '12222', 'eyJ0eXAiOiJKV1QiLCJhbGciOiJIUzI1NiJ9.eyJzdWIiOjIsImlzcyI6Imh0dHA6Ly9sb2NhbGhvc3QvY291cmllcmFwcC9BUEkvbG9naW4iLCJpYXQiOjE1NjI4NTIzMDcsImV4cCI6MTU2Mjg1NTkwNywibmJmIjoxNTYyODUyMzA3LCJqdGkiOiJLZzB3bkFKNnp1OTV5cE00In0.lWdDoS_FrQRyPm9pVdtlYz8QjDYg6rdCCN0MJDKoh1I', '', 1, '2019-07-11 13:38:27', '2019-07-26 07:17:09', '2019-07-26 07:17:09'),
(17, 123, 1, '12222', 'eyJ0eXAiOiJKV1QiLCJhbGciOiJIUzI1NiJ9.eyJzdWIiOjEyMywiaXNzIjoiaHR0cDovL2xvY2FsaG9zdC9jb3VyaWVyYXBwL0FQSS9sb2dpbiIsImlhdCI6MTU2MjkxNjgxNywiZXhwIjoxNTYyOTIwNDE3LCJuYmYiOjE1NjI5MTY4MTcsImp0aSI6InRuTGhtb0xDS0FYZVhPVGwifQ.mSm4gTzvRzG-pjQcj1Qy9K5QivB6Snjr_HrgbGweEfo', '', 1, '2019-07-12 07:33:37', '2019-08-09 13:13:33', '2019-08-09 13:13:33'),
(18, 123, 1, '12222', 'eyJ0eXAiOiJKV1QiLCJhbGciOiJIUzI1NiJ9.eyJzdWIiOjEyMywiaXNzIjoiaHR0cDovL2xvY2FsaG9zdC9jb3VyaWVyYXBwL0FQSS9sb2dpbiIsImlhdCI6MTU2MjkxODU0NiwiZXhwIjoxNTYyOTIyMTQ2LCJuYmYiOjE1NjI5MTg1NDYsImp0aSI6IkkyUmZhYThVU0Q4SHJRYnUifQ.uKKnXoVSd02ApRDJoZ8I6hyA0hhsvF6jZlok1G1EwgE', '', 1, '2019-07-12 08:02:26', '2019-08-09 13:13:33', '2019-08-09 13:13:33'),
(19, 123, 1, '12222', 'eyJ0eXAiOiJKV1QiLCJhbGciOiJIUzI1NiJ9.eyJzdWIiOjEyMywiaXNzIjoiaHR0cDovL2xvY2FsaG9zdC9jb3VyaWVyYXBwL0FQSS9sb2dpbiIsImlhdCI6MTU2MjkyMDY5OSwiZXhwIjoxNTYyOTI0Mjk5LCJuYmYiOjE1NjI5MjA2OTksImp0aSI6ImhIakg0dzdKcXN5Yk11b2UifQ.uZuaMOqmbJMwAf22r4KthHHVIhpKgBCGL1PRNXPiuoM', '', 1, '2019-07-12 08:38:20', '2019-08-09 13:13:33', '2019-08-09 13:13:33'),
(20, 123, 1, '12222', 'eyJ0eXAiOiJKV1QiLCJhbGciOiJIUzI1NiJ9.eyJzdWIiOjEyMywiaXNzIjoiaHR0cDovL2xvY2FsaG9zdC9jb3VyaWVyYXBwL0FQSS9sb2dpbiIsImlhdCI6MTU2MjkzOTUzNywiZXhwIjoxNTYyOTQzMTM3LCJuYmYiOjE1NjI5Mzk1MzcsImp0aSI6IlBOOFh4Tmh6dkNSQXBKNXgifQ.RdGlXjfFAXCylHy83NogibixlwxvSuJNpH4d_EfbZ8M', '', 1, '2019-07-12 13:41:10', '2019-08-09 13:13:33', '2019-08-09 13:13:33'),
(21, 123, 1, '12222', 'eyJ0eXAiOiJKV1QiLCJhbGciOiJIUzI1NiJ9.eyJzdWIiOjEyMywiaXNzIjoiaHR0cDovL2xvY2FsaG9zdC9jb3VyaWVyYXBwL0FQSS9sb2dpbiIsImlhdCI6MTU2MjkzOTUzNywiZXhwIjoxNTYyOTQzMTM3LCJuYmYiOjE1NjI5Mzk1MzcsImp0aSI6IlBOOFh4Tmh6dkNSQXBKNXgifQ.RdGlXjfFAXCylHy83NogibixlwxvSuJNpH4d_EfbZ8M', '', 1, '2019-07-12 13:52:17', '2019-08-09 13:13:33', '2019-08-09 13:13:33'),
(22, 123, 1, '12222', 'eyJ0eXAiOiJKV1QiLCJhbGciOiJIUzI1NiJ9.eyJzdWIiOjEyMywiaXNzIjoiaHR0cDovL2xvY2FsaG9zdC9jb3VyaWVyYXBwL0FQSS9sb2dpbiIsImlhdCI6MTU2MjkzOTcxOSwiZXhwIjoxNTYyOTQzMzE5LCJuYmYiOjE1NjI5Mzk3MTksImp0aSI6Ild4S0J5WFVpRmNQd1hTUVEifQ.jF-cMvNmTB4UBij1fY3mvWVZVkqDF-YvJGzEJmA2UPU', '', 1, '2019-07-12 13:55:19', '2019-08-09 13:13:33', '2019-08-09 13:13:33'),
(23, 123, 1, '12222', 'eyJ0eXAiOiJKV1QiLCJhbGciOiJIUzI1NiJ9.eyJzdWIiOjEyMywiaXNzIjoiaHR0cDovL2xvY2FsaG9zdC9jb3VyaWVyYXBwL0FQSS9sb2dpbiIsImlhdCI6MTU2MzE3MTQzNiwiZXhwIjoxNTYzMTc1MDM2LCJuYmYiOjE1NjMxNzE0MzYsImp0aSI6IjJQd2VQeXFXZlZGTmtTT0cifQ.vQJOmWqPgYFcuA-78PQQVEMvGgOBAIbD7YoZsTJJMiE', '', 1, '2019-07-15 06:17:17', '2019-08-09 13:13:33', '2019-08-09 13:13:33'),
(24, 123, 1, '12222', 'eyJ0eXAiOiJKV1QiLCJhbGciOiJIUzI1NiJ9.eyJzdWIiOjEyMywiaXNzIjoiaHR0cDovL2xvY2FsaG9zdC9jb3VyaWVyYXBwL0FQSS9sb2dpbiIsImlhdCI6MTU2MzE3MjIxNywiZXhwIjoxNTYzMTc1ODE3LCJuYmYiOjE1NjMxNzIyMTcsImp0aSI6IlFUMFBKd25HWGJNRTU4S1UifQ.8rE3l33yVpicEJZx9pfoIzENm1L2Iy7MAkDHRSs2qVk', '', 1, '2019-07-15 06:30:17', '2019-08-09 13:13:33', '2019-08-09 13:13:33'),
(25, 123, 1, '12222', 'eyJ0eXAiOiJKV1QiLCJhbGciOiJIUzI1NiJ9.eyJzdWIiOjEyMywiaXNzIjoiaHR0cDovL2xvY2FsaG9zdC9jb3VyaWVyYXBwL0FQSS9sb2dpbiIsImlhdCI6MTU2MzE3NjA5NywiZXhwIjoxNTYzMTc5Njk3LCJuYmYiOjE1NjMxNzYwOTcsImp0aSI6IlpMSktxYm02d3RBQVhTdHMifQ.XLT3xvDP-VdUqGGoOaezpS4d1Mq6rRXhJMXproTbilU', '', 1, '2019-07-15 07:34:57', '2019-08-09 13:13:33', '2019-08-09 13:13:33'),
(26, 123, 1, '12222', 'eyJ0eXAiOiJKV1QiLCJhbGciOiJIUzI1NiJ9.eyJzdWIiOjEyMywiaXNzIjoiaHR0cDovL2xvY2FsaG9zdC9jb3VyaWVyYXBwL0FQSS9sb2dpbiIsImlhdCI6MTU2MzE3NzE1NCwiZXhwIjoxNTYzMTgwNzU0LCJuYmYiOjE1NjMxNzcxNTQsImp0aSI6IjZYVzFyU29KTEo1b0JwcjcifQ.IZhx7wzCcO0YWZHyEQY6cgeNDtLBHLmwY9qXw7MWKsw', '', 1, '2019-07-15 07:52:34', '2019-08-09 13:13:33', '2019-08-09 13:13:33'),
(27, 123, 1, '12222', 'eyJ0eXAiOiJKV1QiLCJhbGciOiJIUzI1NiJ9.eyJzdWIiOjEyMywiaXNzIjoiaHR0cDovL2xvY2FsaG9zdC9jb3VyaWVyYXBwL0FQSS9sb2dpbiIsImlhdCI6MTU2MzE3NzQwNSwiZXhwIjoxNTYzMTgxMDA1LCJuYmYiOjE1NjMxNzc0MDUsImp0aSI6IjFEYllrSkxRR3JCemJIcWkifQ.MhLxqZ2YjWc-dFf8EayvRW_aESQMnGX-qRy-lxlBNyQ', '', 1, '2019-07-15 07:56:47', '2019-08-09 13:13:33', '2019-08-09 13:13:33'),
(28, 123, 1, '12222', 'eyJ0eXAiOiJKV1QiLCJhbGciOiJIUzI1NiJ9.eyJzdWIiOjEyMywiaXNzIjoiaHR0cDovL2xvY2FsaG9zdC9jb3VyaWVyYXBwL0FQSS9sb2dpbiIsImlhdCI6MTU2MzE5NDM3MiwiZXhwIjoxNTYzMTk3OTcyLCJuYmYiOjE1NjMxOTQzNzIsImp0aSI6IlB4eTg2NDY5QzJpaWRGTnIifQ.NF1ZDtkBKTlGDzBc1PDz37-hYUaaVS_Of0msnpHQQ4o', '', 1, '2019-07-15 12:39:33', '2019-08-09 13:13:33', '2019-08-09 13:13:33'),
(29, 123, 1, '12222', 'eyJ0eXAiOiJKV1QiLCJhbGciOiJIUzI1NiJ9.eyJzdWIiOjEyMywiaXNzIjoiaHR0cDovL2xvY2FsaG9zdC9jb3VyaWVyYXBwL0FQSS9sb2dpbiIsImlhdCI6MTU2MzI4Mjc0NiwiZXhwIjoxNTYzMjg2MzQ2LCJuYmYiOjE1NjMyODI3NDYsImp0aSI6InBDNXBtNTcyY3R3SmJ3NnUifQ.pnHhFf5W45vlj5p4eevWnih2391SJycvga-_Mr8tOO8', '', 1, '2019-07-16 13:12:26', '2019-08-09 13:13:33', '2019-08-09 13:13:33'),
(30, 123, 1, '12222', 'eyJ0eXAiOiJKV1QiLCJhbGciOiJIUzI1NiJ9.eyJzdWIiOjEyMywiaXNzIjoiaHR0cDovL2xvY2FsaG9zdC9jb3VyaWVyYXBwL0FQSS9sb2dpbiIsImlhdCI6MTU2MzM2NDk3OSwiZXhwIjoxNTYzMzY4NTc5LCJuYmYiOjE1NjMzNjQ5NzksImp0aSI6IjJiUmxYakRKWHR1Qm82VTQifQ.5pS7Tsguoj6aXK8iLLPvY8nzeiaw79Il0LzS6lRTXrE', '', 1, '2019-07-17 12:03:00', '2019-08-09 13:13:33', '2019-08-09 13:13:33'),
(31, 123, 1, '12222', 'eyJ0eXAiOiJKV1QiLCJhbGciOiJIUzI1NiJ9.eyJzdWIiOjEyMywiaXNzIjoiaHR0cDovL2xvY2FsaG9zdC9jb3VyaWVyYXBwL0FQSS9sb2dpbiIsImlhdCI6MTU2MzM2ODg2MiwiZXhwIjoxNTYzMzcyNDYyLCJuYmYiOjE1NjMzNjg4NjIsImp0aSI6IlJuWnRZUVEwTktFcENRczUifQ.5U8W0s8AU110aLBsn56acVimV1Zq1t1c8qju5mon8EM', '', 1, '2019-07-17 13:07:43', '2019-08-09 13:13:33', '2019-08-09 13:13:33'),
(32, 123, 1, '12222', 'eyJ0eXAiOiJKV1QiLCJhbGciOiJIUzI1NiJ9.eyJzdWIiOjEyMywiaXNzIjoiaHR0cDovL2xvY2FsaG9zdC9jb3VyaWVyYXBwL0FQSS9sb2dpbiIsImlhdCI6MTU2MzM2ODg5NSwiZXhwIjoxNTYzMzcyNDk1LCJuYmYiOjE1NjMzNjg4OTUsImp0aSI6InA0bUV5cnY2VklwOG00Y0QifQ.rwYc73G4IjN2N2O7xJLW805JX6yXkRoe2Twc-EmNKTo', '', 1, '2019-07-17 13:08:15', '2019-08-09 13:13:33', '2019-08-09 13:13:33'),
(33, 123, 1, '12222', 'eyJ0eXAiOiJKV1QiLCJhbGciOiJIUzI1NiJ9.eyJzdWIiOjEyMywiaXNzIjoiaHR0cDovL2xvY2FsaG9zdC9jb3VyaWVyYXBwL0FQSS9sb2dpbiIsImlhdCI6MTU2MzQ0MTU1MSwiZXhwIjoxNTYzNDQ1MTUxLCJuYmYiOjE1NjM0NDE1NTIsImp0aSI6IjVaaHBqdkxTZGZKa0o3bmYifQ.Zu5W3YFQiBRTDG4dn1I8J4u4pD6Jbh2gK6uISU_Yi8o', '', 1, '2019-07-18 09:19:13', '2019-08-09 13:13:33', '2019-08-09 13:13:33'),
(34, 2, 1, '12222', 'eyJ0eXAiOiJKV1QiLCJhbGciOiJIUzI1NiJ9.eyJzdWIiOjIsImlzcyI6Imh0dHA6Ly9sb2NhbGhvc3QvY291cmllcmFwcC9BUEkvbG9naW4iLCJpYXQiOjE1NjM0NDMwMTksImV4cCI6MTU2MzQ0NjYxOSwibmJmIjoxNTYzNDQzMDE5LCJqdGkiOiI3OUNxNkh5RWlwcjRGelYzIn0._Wkr0HYhtVX7VA9n4cTENzDyU0grb4phVbQ8Tf4EZh8', '', 1, '2019-07-18 09:43:39', '2019-07-26 07:17:09', '2019-07-26 07:17:09'),
(35, 2, 1, '12222', 'eyJ0eXAiOiJKV1QiLCJhbGciOiJIUzI1NiJ9.eyJzdWIiOjIsImlzcyI6Imh0dHA6Ly9sb2NhbGhvc3QvY291cmllcmFwcC9BUEkvbG9naW4iLCJpYXQiOjE1NjM0NTg5NjIsImV4cCI6MTU2MzQ2MjU2MiwibmJmIjoxNTYzNDU4OTYyLCJqdGkiOiJTVldZYjBxdGZpdG5TQXFpIn0.POyNgrM7f7WbxwVFECU0bVnjtQR451-VeyErz7qjS-g', '', 1, '2019-07-18 14:09:22', '2019-07-26 07:17:09', '2019-07-26 07:17:09'),
(36, 2, 1, '12222', 'eyJ0eXAiOiJKV1QiLCJhbGciOiJIUzI1NiJ9.eyJzdWIiOjIsImlzcyI6Imh0dHA6Ly9sb2NhbGhvc3QvY291cmllcmFwcC9BUEkvbG9naW4iLCJpYXQiOjE1NjM1MTYzOTIsImV4cCI6MTU2MzUxOTk5MiwibmJmIjoxNTYzNTE2MzkyLCJqdGkiOiI0TU5XdEtTNnkyVGFUV2lsIn0.0isdmHfqR9AkCdefsZHlecrJ0uoeK42fouNhB25RMfQ', '', 1, '2019-07-19 06:06:32', '2019-07-26 07:17:09', '2019-07-26 07:17:09'),
(37, 123, 1, '12222', 'eyJ0eXAiOiJKV1QiLCJhbGciOiJIUzI1NiJ9.eyJzdWIiOjEyMywiaXNzIjoiaHR0cDovL2xvY2FsaG9zdC9jb3VyaWVyYXBwL0FQSS9sb2dpbiIsImlhdCI6MTU2MzUxNjQ2NywiZXhwIjoxNTYzNTIwMDY3LCJuYmYiOjE1NjM1MTY0NjcsImp0aSI6InQwSlNTU0NhanZhT3FlQWcifQ.O4P8mBBaWkaIOKSwcnsUe8XAbhe21Ejl2nxZaWOTgeA', '', 1, '2019-07-19 06:07:48', '2019-08-09 13:13:33', '2019-08-09 13:13:33'),
(38, 123, 1, '12222', 'eyJ0eXAiOiJKV1QiLCJhbGciOiJIUzI1NiJ9.eyJzdWIiOjEyMywiaXNzIjoiaHR0cDovL2xvY2FsaG9zdC9jb3VyaWVyYXBwL0FQSS9sb2dpbiIsImlhdCI6MTU2MzUyMDI1MywiZXhwIjoxNTYzNTIzODUzLCJuYmYiOjE1NjM1MjAyNTMsImp0aSI6IlBBNlVrS0hhVFZjblVoVVAifQ.MxODVVl3o-qaOFQ-mpzODrYdEF9FCLGG0Funme7kmZE', '', 1, '2019-07-19 07:10:54', '2019-08-09 13:13:33', '2019-08-09 13:13:33'),
(39, 123, 1, '12222', 'eyJ0eXAiOiJKV1QiLCJhbGciOiJIUzI1NiJ9.eyJzdWIiOjEyMywiaXNzIjoiaHR0cDovL2xvY2FsaG9zdC9jb3VyaWVyYXBwL0FQSS9sb2dpbiIsImlhdCI6MTU2MzUyMTQ2NCwiZXhwIjoxNTYzNTI1MDY0LCJuYmYiOjE1NjM1MjE0NjQsImp0aSI6Ikx3eTBzRkVCcW9xR2ttTlAifQ.hp00-PEBp6ddXPLK9kyAMkd4BEFIO0N_SL6U2baBZLY', '', 1, '2019-07-19 07:31:04', '2019-08-09 13:13:33', '2019-08-09 13:13:33'),
(40, 2, 1, '12222', 'eyJ0eXAiOiJKV1QiLCJhbGciOiJIUzI1NiJ9.eyJzdWIiOjIsImlzcyI6Imh0dHA6Ly9sb2NhbGhvc3QvY291cmllcmFwcC9BUEkvbG9naW4iLCJpYXQiOjE1NjM1MjE2MzMsImV4cCI6MTU2MzUyNTIzMywibmJmIjoxNTYzNTIxNjMzLCJqdGkiOiIycjJkNEF3MG9laTJqTEdrIn0.v0Iw5U5vcqiruOmqc5fIYFNjE-l01XWseTKkci5vH98', '', 1, '2019-07-19 07:33:53', '2019-07-26 07:17:09', '2019-07-26 07:17:09'),
(41, 123, 1, '12222', 'eyJ0eXAiOiJKV1QiLCJhbGciOiJIUzI1NiJ9.eyJzdWIiOjEyMywiaXNzIjoiaHR0cDovL2xvY2FsaG9zdC9jb3VyaWVyYXBwL0FQSS9sb2dpbiIsImlhdCI6MTU2MzUzNDE0OSwiZXhwIjoxNTYzNTM3NzQ5LCJuYmYiOjE1NjM1MzQxNDksImp0aSI6ImhZOU1QWFJKQjBvWWNwUEUifQ.dgftaOHWf1WLs9NXKFmZiu5AsJsfyOEshvgRiS6V08Q', '', 1, '2019-07-19 11:02:29', '2019-08-09 13:13:33', '2019-08-09 13:13:33'),
(42, 123, 1, '12222', 'eyJ0eXAiOiJKV1QiLCJhbGciOiJIUzI1NiJ9.eyJzdWIiOjEyMywiaXNzIjoiaHR0cDovL2xvY2FsaG9zdC9jb3VyaWVyYXBwL0FQSS9sb2dpbiIsImlhdCI6MTU2MzU0MTk4NywiZXhwIjoxNTYzNTQ1NTg3LCJuYmYiOjE1NjM1NDE5ODcsImp0aSI6IllQeGRCMUNIS2FxNm1yOHQifQ.ZCe9rdwsyfcKWwcxFtzHY9AxLzNylvUP-52ZdWVdaYc', '', 1, '2019-07-19 13:13:08', '2019-08-09 13:13:33', '2019-08-09 13:13:33'),
(43, 2, 1, '12222', 'eyJ0eXAiOiJKV1QiLCJhbGciOiJIUzI1NiJ9.eyJzdWIiOjIsImlzcyI6Imh0dHA6Ly9sb2NhbGhvc3QvY291cmllcmFwcC9BUEkvbG9naW4iLCJpYXQiOjE1NjM4NzYyMjAsImV4cCI6MTU2Mzg3OTgyMCwibmJmIjoxNTYzODc2MjIwLCJqdGkiOiJFbkN4TjR5VVRDcUNnRzF5In0.ehjMLByxANkGUFNnq3M-Sa7bwbaVZvaR2aBEcrvn6SU', '', 1, '2019-07-23 10:03:41', '2019-07-26 07:17:09', '2019-07-26 07:17:09'),
(44, 2, 1, '12222', 'eyJ0eXAiOiJKV1QiLCJhbGciOiJIUzI1NiJ9.eyJzdWIiOjIsImlzcyI6Imh0dHA6Ly9sb2NhbGhvc3QvY291cmllcmFwcC9BUEkvbG9naW4iLCJpYXQiOjE1NjM5NDY0MDQsImV4cCI6MTU2Mzk1MDAwNCwibmJmIjoxNTYzOTQ2NDA0LCJqdGkiOiJsVTZwOEJRYnkyWml0QlBOIn0.PSFeaMRrDEyphEbBYMuQ3Wq_sBSfsiVQVxk4Veoru4Y', '', 1, '2019-07-24 05:33:24', '2019-07-26 07:17:09', '2019-07-26 07:17:09'),
(45, 2, 1, '12222', 'eyJ0eXAiOiJKV1QiLCJhbGciOiJIUzI1NiJ9.eyJzdWIiOjIsImlzcyI6Imh0dHA6Ly9sb2NhbGhvc3QvY291cmllcmFwcC9BUEkvbG9naW4iLCJpYXQiOjE1NjM5NTAxMzYsImV4cCI6MTU2Mzk1MzczNiwibmJmIjoxNTYzOTUwMTM2LCJqdGkiOiJFSUQxeVpLa0JQak45UDMxIn0.46DI0hI0g6nSO3usdke379x2csIn4eRnsI1c3uCYpzk', '', 1, '2019-07-24 06:35:36', '2019-07-26 07:17:09', '2019-07-26 07:17:09'),
(46, 2, 1, '12222', 'eyJ0eXAiOiJKV1QiLCJhbGciOiJIUzI1NiJ9.eyJzdWIiOjIsImlzcyI6Imh0dHA6Ly9sb2NhbGhvc3QvY291cmllcmFwcC9BUEkvbG9naW4iLCJpYXQiOjE1NjM5NTIyNDgsImV4cCI6MTU2Mzk1NTg0OCwibmJmIjoxNTYzOTUyMjQ4LCJqdGkiOiIxSFNtaWtzZWw2UVFJNWs1In0.y7XHi2tQg4xbUbOJF3BCayCdhPWLnN-GSpu2JsDvViA', '', 1, '2019-07-24 07:10:49', '2019-07-26 07:17:09', '2019-07-26 07:17:09'),
(47, 2, 1, '12222', 'eyJ0eXAiOiJKV1QiLCJhbGciOiJIUzI1NiJ9.eyJzdWIiOjIsImlzcyI6Imh0dHA6Ly9sb2NhbGhvc3QvY291cmllcmFwcC9BUEkvbG9naW4iLCJpYXQiOjE1NjM5NTM4MTcsImV4cCI6MTU2Mzk1NzQxNywibmJmIjoxNTYzOTUzODE3LCJqdGkiOiJRODA0dThEcnhua1ZscEJHIn0.gWaQrmq6vulDA5z100k64aCMBYIOQoREYIdlA08F3sI', '', 1, '2019-07-24 07:36:58', '2019-07-26 07:17:09', '2019-07-26 07:17:09'),
(48, 2, 1, '12222', 'eyJ0eXAiOiJKV1QiLCJhbGciOiJIUzI1NiJ9.eyJzdWIiOjIsImlzcyI6Imh0dHA6Ly9sb2NhbGhvc3QvY291cmllcmFwcC9BUEkvbG9naW4iLCJpYXQiOjE1NjQxMjU0MDksImV4cCI6MTU2NDEyOTAwOSwibmJmIjoxNTY0MTI1NDA5LCJqdGkiOiI4a21UbDV2STJqN3JTZGE4In0.Hllwx-b2lrx36m1EqR8-fMlyKNAemKlglUDsdtf2Xd0', '', 1, '2019-07-26 07:16:49', '2019-07-26 07:17:09', '2019-07-26 07:17:09'),
(49, 2, 1, '12222', 'eyJ0eXAiOiJKV1QiLCJhbGciOiJIUzI1NiJ9.eyJzdWIiOjIsImlzcyI6Imh0dHA6Ly9sb2NhbGhvc3QvY291cmllcmFwcC9BUEkvbG9naW4iLCJpYXQiOjE1NjQxMjU0MjksImV4cCI6MTU2NDEyOTAyOSwibmJmIjoxNTY0MTI1NDI5LCJqdGkiOiJIYkJTVHNwdGthcXJpRUpvIn0.E0hRGrkOMbL3s8_w41SPUOM9bG8EX5Wh8DPJCg-KrXM', '', 0, '2019-07-26 07:17:09', '2019-07-26 07:17:09', '0000-00-00 00:00:00'),
(50, 123, 1, '12222', 'eyJ0eXAiOiJKV1QiLCJhbGciOiJIUzI1NiJ9.eyJzdWIiOjEyMywiaXNzIjoiaHR0cDovL2xvY2FsaG9zdC9jb3VyaWVyYXBwL0FQSS9sb2dpbiIsImlhdCI6MTU2NDE0OTUyNSwiZXhwIjoxNTY0MTUzMTI1LCJuYmYiOjE1NjQxNDk1MjUsImp0aSI6IlNGdEJYUFBJRzNqdnZRRUwifQ.oCgWaROVcJkPYEKkU-AaLQjpbO09KVHsyvQXr5QUhO4', '', 1, '2019-07-26 13:58:46', '2019-08-09 13:13:33', '2019-08-09 13:13:33'),
(51, 123, 1, '12222', 'eyJ0eXAiOiJKV1QiLCJhbGciOiJIUzI1NiJ9.eyJzdWIiOjEyMywiaXNzIjoiaHR0cDovL2xvY2FsaG9zdC9jb3VyaWVyYXBwL0FQSS9sb2dpbiIsImlhdCI6MTU2NDM5NDA2MywiZXhwIjoxNTY0Mzk3NjYzLCJuYmYiOjE1NjQzOTQwNjMsImp0aSI6InFqcWpVbUg3S014NmJOZUcifQ.wg8_d2hOPR6odaEvdTFu6uZr16PowOL2fmCLFsxw8oE', '', 1, '2019-07-29 09:54:25', '2019-08-09 13:13:33', '2019-08-09 13:13:33'),
(52, 138, 1, '12222', 'eyJ0eXAiOiJKV1QiLCJhbGciOiJIUzI1NiJ9.eyJzdWIiOjEzOCwiaXNzIjoiaHR0cDovL2xvY2FsaG9zdC9jb3VyaWVyYXBwL0FQSS9sb2dpbiIsImlhdCI6MTU2NDM5NDg3MSwiZXhwIjoxNTY0Mzk4NDcxLCJuYmYiOjE1NjQzOTQ4NzEsImp0aSI6Im5EZG1HS01BM2tVR3lLY3oifQ._rZ48_02LWsM-g8lFY75Fx5AsSX7y-zQfR3fvxx_2ek', '', 1, '2019-07-29 10:07:51', '2019-07-30 14:41:56', '2019-07-30 14:41:56'),
(53, 138, 1, '12222', 'eyJ0eXAiOiJKV1QiLCJhbGciOiJIUzI1NiJ9.eyJzdWIiOjEzOCwiaXNzIjoiaHR0cDovL2xvY2FsaG9zdC9jb3VyaWVyYXBwL0FQSS9sb2dpbiIsImlhdCI6MTU2NDQwMDU0NywiZXhwIjoxNTY0NDA0MTQ3LCJuYmYiOjE1NjQ0MDA1NDcsImp0aSI6InE4Mlk3bFlWUkxTU0Z3SmIifQ.V0T90GZQ894BH2CuRtPEYYNZ0FatBI-7q-mxgTf1W9c', '', 1, '2019-07-29 11:42:28', '2019-07-30 14:41:56', '2019-07-30 14:41:56'),
(54, 138, 1, '12222', 'eyJ0eXAiOiJKV1QiLCJhbGciOiJIUzI1NiJ9.eyJzdWIiOjEzOCwiaXNzIjoiaHR0cDovL2xvY2FsaG9zdC9jb3VyaWVyYXBwL0FQSS9sb2dpbiIsImlhdCI6MTU2NDQwNTYxOCwiZXhwIjoxNTY0NDA5MjE4LCJuYmYiOjE1NjQ0MDU2MTgsImp0aSI6IkRDZFRkU2c3MTNqR0dWMkYifQ.hellCXSnlXH6bgSeBy9FT-KJxGI19Uchysz0uXnDaC4', '', 1, '2019-07-29 13:06:58', '2019-07-30 14:41:56', '2019-07-30 14:41:56'),
(55, 138, 1, '12222', 'eyJ0eXAiOiJKV1QiLCJhbGciOiJIUzI1NiJ9.eyJzdWIiOjEzOCwiaXNzIjoiaHR0cDovL2xvY2FsaG9zdC9jb3VyaWVyYXBwL0FQSS9sb2dpbiIsImlhdCI6MTU2NDQ4NTA5MiwiZXhwIjoxNTY0NDg4NjkyLCJuYmYiOjE1NjQ0ODUwOTIsImp0aSI6IkdxOHVPY3dFQlk4bGJNcDAifQ.B7RYzC6gw48BccPOZLaxB6KPEhdEQSr2GImg2dRcmug', '', 1, '2019-07-30 11:11:33', '2019-07-30 14:41:56', '2019-07-30 14:41:56'),
(56, 138, 1, '12222', 'eyJ0eXAiOiJKV1QiLCJhbGciOiJIUzI1NiJ9.eyJzdWIiOjEzOCwiaXNzIjoiaHR0cDovL2xvY2FsaG9zdC9jb3VyaWVyYXBwL0FQSS9sb2dpbiIsImlhdCI6MTU2NDQ4NTI0MywiZXhwIjoxNTY0NDg4ODQzLCJuYmYiOjE1NjQ0ODUyNDMsImp0aSI6ImJjZHlqREtPQjVKNWxQRXAifQ.nJvmLBlTTD90b0EhWr7zlYO4UF5xk4gg3l_oDux2ndY', '', 1, '2019-07-30 11:14:03', '2019-07-30 14:41:56', '2019-07-30 14:41:56'),
(57, 138, 1, '12222', 'eyJ0eXAiOiJKV1QiLCJhbGciOiJIUzI1NiJ9.eyJzdWIiOjEzOCwiaXNzIjoiaHR0cDovL2xvY2FsaG9zdC9jb3VyaWVyYXBwL0FQSS9sb2dpbiIsImlhdCI6MTU2NDQ4NTM3NCwiZXhwIjoxNTY0NDg4OTc0LCJuYmYiOjE1NjQ0ODUzNzQsImp0aSI6ImV5MGlKekhPZnl1aE1Jd3MifQ.6-V3IIFeODbcnGOtEJppd-WsNwpbI5yNy8yKL3jf26g', '', 1, '2019-07-30 11:16:14', '2019-07-30 14:41:56', '2019-07-30 14:41:56'),
(58, 138, 1, '12222', 'eyJ0eXAiOiJKV1QiLCJhbGciOiJIUzI1NiJ9.eyJzdWIiOjEzOCwiaXNzIjoiaHR0cDovL2xvY2FsaG9zdC9jb3VyaWVyYXBwL0FQSS9sb2dpbiIsImlhdCI6MTU2NDQ5NTYzNiwiZXhwIjoxNTY0NDk5MjM2LCJuYmYiOjE1NjQ0OTU2MzYsImp0aSI6InlSSGh0VGVJcXJpRlFXbGMifQ.DIcmYWt8qUKP335dVGwDal3IqsG-uAyAUYvCpIoNrCI', '', 1, '2019-07-30 14:07:16', '2019-07-30 14:41:56', '2019-07-30 14:41:56'),
(59, 138, 1, '12222', 'eyJ0eXAiOiJKV1QiLCJhbGciOiJIUzI1NiJ9.eyJzdWIiOjEzOCwiaXNzIjoiaHR0cDovL2xvY2FsaG9zdC9jb3VyaWVyYXBwL0FQSS9sb2dpbiIsImlhdCI6MTU2NDQ5NjAxNCwiZXhwIjoxNTY0NDk5NjE0LCJuYmYiOjE1NjQ0OTYwMTQsImp0aSI6IkZzbEpZWDZwRDJORWVSSmYifQ.OeqedOnYE42iNS7g4HXLRgGgFPFnTsYQPP0G49RQMIA', '', 1, '2019-07-30 14:13:34', '2019-07-30 14:41:56', '2019-07-30 14:41:56'),
(60, 138, 1, '12222', 'eyJ0eXAiOiJKV1QiLCJhbGciOiJIUzI1NiJ9.eyJzdWIiOjEzOCwiaXNzIjoiaHR0cDovL2xvY2FsaG9zdC9jb3VyaWVyYXBwL0FQSS9sb2dpbiIsImlhdCI6MTU2NDQ5NjEzOSwiZXhwIjoxNTY0NDk5NzM5LCJuYmYiOjE1NjQ0OTYxMzksImp0aSI6Im81VEprYjZMMnU4UUR4RHAifQ.6gaYdcXg-rkO2QdyV0Lh1hAvZiSO-_6GFLWYaoLdARI', 'hlogin', 1, '2019-07-30 14:15:39', '2019-07-30 14:41:56', '2019-07-30 14:41:56'),
(61, 138, 1, '12222', 'eyJ0eXAiOiJKV1QiLCJhbGciOiJIUzI1NiJ9.eyJzdWIiOjEzOCwiaXNzIjoiaHR0cDovL2xvY2FsaG9zdC9jb3VyaWVyYXBwL0FQSS9sb2dpbiIsImlhdCI6MTU2NDQ5NjE0NywiZXhwIjoxNTY0NDk5NzQ3LCJuYmYiOjE1NjQ0OTYxNDcsImp0aSI6ImNzdmJhR0Fuck1od0tTbGgifQ.JH3csMoW7kb8FG620XJHxtnyQoC6L9aKMUGoFhsUoRY', '', 1, '2019-07-30 14:15:47', '2019-07-30 14:41:56', '2019-07-30 14:41:56'),
(62, 138, 1, '12222', 'eyJ0eXAiOiJKV1QiLCJhbGciOiJIUzI1NiJ9.eyJzdWIiOjEzOCwiaXNzIjoiaHR0cDovL2xvY2FsaG9zdC9jb3VyaWVyYXBwL0FQSS9sb2dpbiIsImlhdCI6MTU2NDQ5Njk0NCwiZXhwIjoxNTY0NTAwNTQ0LCJuYmYiOjE1NjQ0OTY5NDQsImp0aSI6InVRQ1QzaUVGOTQ5MVkwbDcifQ.uZQ_BwZw4OgER44KRXapa2BN_ClTUiXcGjLfFjVfHkU', '', 1, '2019-07-30 14:29:05', '2019-07-30 14:41:56', '2019-07-30 14:41:56'),
(63, 138, 1, '12222', 'eyJ0eXAiOiJKV1QiLCJhbGciOiJIUzI1NiJ9.eyJzdWIiOjEzOCwiaXNzIjoiaHR0cDovL2xvY2FsaG9zdC9jb3VyaWVyYXBwL0FQSS9sb2dpbiIsImlhdCI6MTU2NDQ5NzA0NSwiZXhwIjoxNTY0NTAwNjQ1LCJuYmYiOjE1NjQ0OTcwNDUsImp0aSI6IkZBaXJqUnYzOFREY3h0VGgifQ.QVciM46umI8kx3ulUfkNUvlBBH2wttW9yG7InDLyuIQ', '', 1, '2019-07-30 14:30:45', '2019-07-30 14:41:56', '2019-07-30 14:41:56'),
(64, 138, 1, '12222', 'eyJ0eXAiOiJKV1QiLCJhbGciOiJIUzI1NiJ9.eyJzdWIiOjEzOCwiaXNzIjoiaHR0cDovL2xvY2FsaG9zdC9jb3VyaWVyYXBwL0FQSS9sb2dpbiIsImlhdCI6MTU2NDQ5NzcxNiwiZXhwIjoxNTY0NTAxMzE2LCJuYmYiOjE1NjQ0OTc3MTYsImp0aSI6IlRzTzFmR3dDTFJvcmYyNEsifQ.MFdbfHVd4q-EE--mDVNbdEseq0fRGaPLIF_uhHKpA6I', '', 0, '2019-07-30 14:41:56', '2019-07-30 14:41:56', NULL),
(65, 144, 1, '12222', 'eyJ0eXAiOiJKV1QiLCJhbGciOiJIUzI1NiJ9.eyJzdWIiOjE0NCwiaXNzIjoiaHR0cDovL2xvY2FsaG9zdC9jb3VyaWVyYXBwL0FQSS9sb2dpbiIsImlhdCI6MTU2NDU1MTgwMiwiZXhwIjoxNTY0NTU1NDAyLCJuYmYiOjE1NjQ1NTE4MDIsImp0aSI6ImZFeWdhRUlmbnRJWnI4dzUifQ.uzAn5cGFADcoCmEhUNyLsuVb8q5ybYZNu5oo2jNTFzI', '', 1, '2019-07-31 05:43:22', '2019-07-31 10:09:08', '2019-07-31 10:09:08'),
(66, 144, 1, '12222', 'eyJ0eXAiOiJKV1QiLCJhbGciOiJIUzI1NiJ9.eyJzdWIiOjE0NCwiaXNzIjoiaHR0cDovL2xvY2FsaG9zdC9jb3VyaWVyYXBwL0FQSS9sb2dpbiIsImlhdCI6MTU2NDU1NTQ2MCwiZXhwIjoxNTY0NTU5MDYwLCJuYmYiOjE1NjQ1NTU0NjAsImp0aSI6InZGU0w0dUpodUlpbEt1ZzYifQ.YqKw19Kb1ljh8zkeTsrd-2YS5Dh72ymH56eUOX49dHk', '', 1, '2019-07-31 06:44:21', '2019-07-31 10:09:08', '2019-07-31 10:09:08'),
(67, 144, 1, '12222', 'eyJ0eXAiOiJKV1QiLCJhbGciOiJIUzI1NiJ9.eyJzdWIiOjE0NCwiaXNzIjoiaHR0cDovL2xvY2FsaG9zdC9jb3VyaWVyYXBwL0FQSS9sb2dpbiIsImlhdCI6MTU2NDU1OTQwOCwiZXhwIjoxNTY0NTYzMDA4LCJuYmYiOjE1NjQ1NTk0MDgsImp0aSI6Ildja2E1QnMwU2l1cE1KMVoifQ.BPDYVoWivXJW72Lij-Et2ReJb9q4uc7gLMfsZn973-s', '', 1, '2019-07-31 07:50:09', '2019-07-31 10:09:08', '2019-07-31 10:09:08'),
(68, 144, 1, '12222', 'eyJ0eXAiOiJKV1QiLCJhbGciOiJIUzI1NiJ9.eyJzdWIiOjE0NCwiaXNzIjoiaHR0cDovL2xvY2FsaG9zdC9jb3VyaWVyYXBwL0FQSS9sb2dpbiIsImlhdCI6MTU2NDU2NTMxMywiZXhwIjoxNTY0NTY4OTEzLCJuYmYiOjE1NjQ1NjUzMTMsImp0aSI6Ik5qeXJ5dDU2aVBMOEVqY0wifQ.oB7RqbueeLIHfbUmKLDzC3GtV5AmG0EiglBosa9eO2k', '', 1, '2019-07-31 09:28:33', '2019-07-31 10:09:08', '2019-07-31 10:09:08'),
(69, 144, 1, '12222', 'eyJ0eXAiOiJKV1QiLCJhbGciOiJIUzI1NiJ9.eyJzdWIiOjE0NCwiaXNzIjoiaHR0cDovL2xvY2FsaG9zdC9jb3VyaWVyYXBwL0FQSS9sb2dpbiIsImlhdCI6MTU2NDU2NTQxOSwiZXhwIjoxNTY0NTY5MDE5LCJuYmYiOjE1NjQ1NjU0MTksImp0aSI6IjJYN1hrUEFVWHdCNW9CZzAifQ.AEVHiOW6JDEX8rMUqEIPxvVlEXINla2bNAwR5p7dS_w', '', 1, '2019-07-31 09:30:19', '2019-07-31 10:09:08', '2019-07-31 10:09:08'),
(70, 144, 1, '12222', 'eyJ0eXAiOiJKV1QiLCJhbGciOiJIUzI1NiJ9.eyJzdWIiOjE0NCwiaXNzIjoiaHR0cDovL2xvY2FsaG9zdC9jb3VyaWVyYXBwL0FQSS9sb2dpbiIsImlhdCI6MTU2NDU2Nzc0OCwiZXhwIjoxNTY0NTcxMzQ4LCJuYmYiOjE1NjQ1Njc3NDgsImp0aSI6IkhVRTJrdzUzQmpaSnlHbFYifQ.-xNw9JoS40ufsrQhbDW2lO8WeKsiTlE4qrG6W2QfBBc', '', 0, '2019-07-31 10:09:08', '2019-07-31 10:09:08', NULL),
(71, 123, 1, '12222', 'eyJ0eXAiOiJKV1QiLCJhbGciOiJIUzI1NiJ9.eyJzdWIiOjEyMywiaXNzIjoiaHR0cDovL2xvY2FsaG9zdC9jb3VyaWVyYXBwL0FQSS9sb2dpbiIsImlhdCI6MTU2NDY0MTkyMSwiZXhwIjoxNTY0NjQ1NTIxLCJuYmYiOjE1NjQ2NDE5MjEsImp0aSI6IjV3RjNSb0ZkdHBQY2dyckUifQ.soW2T6bOuAXVsqskDYBnTTmW2jSekrPs0sXos5FvqyA', '', 1, '2019-08-01 06:45:21', '2019-08-09 13:13:33', '2019-08-09 13:13:33'),
(72, 123, 1, '12222', 'eyJ0eXAiOiJKV1QiLCJhbGciOiJIUzI1NiJ9.eyJzdWIiOjEyMywiaXNzIjoiaHR0cDovL2xvY2FsaG9zdC9jb3VyaWVyYXBwL0FQSS9sb2dpbiIsImlhdCI6MTU2NDY0NzMzMCwiZXhwIjoxNTY0NjUwOTMwLCJuYmYiOjE1NjQ2NDczMzAsImp0aSI6IkZvYU1zMTFpNHRSVWcySXEifQ.5rPT-q83TcoOzX7b7VPG3ROQaIG-k0EVBpPbcgQ-piM', '', 1, '2019-08-01 08:15:31', '2019-08-09 13:13:33', '2019-08-09 13:13:33'),
(73, 123, 1, '12222', 'eyJ0eXAiOiJKV1QiLCJhbGciOiJIUzI1NiJ9.eyJzdWIiOjEyMywiaXNzIjoiaHR0cDovL2xvY2FsaG9zdC9jb3VyaWVyYXBwL0FQSS9sb2dpbiIsImlhdCI6MTU2NDY1MjI5NiwiZXhwIjoxNTY0NjU1ODk2LCJuYmYiOjE1NjQ2NTIyOTYsImp0aSI6Ik5EZjQ3c0xQQ3VWTnExbUUifQ.PCkDAdKaKZuBB9lc4tdlLkyIkO2qe8fvzr_xziAiHTw', '', 1, '2019-08-01 09:38:17', '2019-08-09 13:13:33', '2019-08-09 13:13:33'),
(74, 123, 1, '12222', 'eyJ0eXAiOiJKV1QiLCJhbGciOiJIUzI1NiJ9.eyJzdWIiOjEyMywiaXNzIjoiaHR0cDovL2xvY2FsaG9zdC9jb3VyaWVyYXBwL0FQSS9sb2dpbiIsImlhdCI6MTU2NDY2Mzk3OCwiZXhwIjoxNTY0NjY3NTc4LCJuYmYiOjE1NjQ2NjM5NzgsImp0aSI6Ik1IZlVPSUNubW1BUmEwQkYifQ.MM--TvQvrhiyvesArtVcp-RltIhSsSrAYKibI16Ou_A', '', 1, '2019-08-01 12:52:58', '2019-08-09 13:13:33', '2019-08-09 13:13:33'),
(75, 123, 1, '12222', 'eyJ0eXAiOiJKV1QiLCJhbGciOiJIUzI1NiJ9.eyJzdWIiOjEyMywiaXNzIjoiaHR0cDovL2xvY2FsaG9zdC9jb3VyaWVyYXBwL0FQSS9sb2dpbiIsImlhdCI6MTU2NDY2Mzk5MywiZXhwIjoxNTY0NjY3NTkzLCJuYmYiOjE1NjQ2NjM5OTMsImp0aSI6InNOckJwblA2WWpjQmtCVU4ifQ.eHbOcZ8LjbVbKpOAJ4p7k6pvbFPUJ4q3HpjNmwEkzCI', '', 1, '2019-08-01 12:53:13', '2019-08-09 13:13:33', '2019-08-09 13:13:33'),
(76, 123, 1, '12222', 'eyJ0eXAiOiJKV1QiLCJhbGciOiJIUzI1NiJ9.eyJzdWIiOjEyMywiaXNzIjoiaHR0cDovL2xvY2FsaG9zdC9jb3VyaWVyYXBwL0FQSS9sb2dpbiIsImlhdCI6MTU2NDc1NDIwOSwiZXhwIjoxNTY0NzU3ODA5LCJuYmYiOjE1NjQ3NTQyMDksImp0aSI6InliblBDTHh3UXJGYWJKU3YifQ.e7i6Aj-GFrU6ksZRhegVFiIAo4ON_sLGUG3WwvvDx7A', '', 1, '2019-08-02 13:56:50', '2019-08-09 13:13:33', '2019-08-09 13:13:33'),
(77, 123, 1, '12222', 'eyJ0eXAiOiJKV1QiLCJhbGciOiJIUzI1NiJ9.eyJzdWIiOjEyMywiaXNzIjoiaHR0cDovL2xvY2FsaG9zdC9jb3VyaWVyYXBwL0FQSS9sb2dpbiIsImlhdCI6MTU2NDk4NzQwNSwiZXhwIjoxNTY0OTkxMDA1LCJuYmYiOjE1NjQ5ODc0MDUsImp0aSI6Img2WHROblRiVWlDOTZUNUEifQ.aRSZq0GFdvO5w8YPJvRaBiLrTGcjhz3FVz7YyCa5c9Y', '', 1, '2019-08-05 06:43:26', '2019-08-09 13:13:33', '2019-08-09 13:13:33'),
(78, 123, 1, '12222', 'eyJ0eXAiOiJKV1QiLCJhbGciOiJIUzI1NiJ9.eyJzdWIiOjEyMywiaXNzIjoiaHR0cDovL2xvY2FsaG9zdC9jb3VyaWVyYXBwL0FQSS9sb2dpbiIsImlhdCI6MTU2NTAwNjczOSwiZXhwIjoxNTY1MDEwMzM5LCJuYmYiOjE1NjUwMDY3MzksImp0aSI6InRFU0VvTUpFbnM0ajZFUlcifQ.McLS56d_AC5mwra0Cxk6xGwYfqZjkF-wnyyDeISByRQ', '', 1, '2019-08-05 12:05:40', '2019-08-09 13:13:33', '2019-08-09 13:13:33'),
(79, 123, 1, '12222', 'eyJ0eXAiOiJKV1QiLCJhbGciOiJIUzI1NiJ9.eyJzdWIiOjEyMywiaXNzIjoiaHR0cDovL2xvY2FsaG9zdC9jb3VyaWVyYXBwL0FQSS9sb2dpbiIsImlhdCI6MTU2NTAxMDU0NSwiZXhwIjoxNTY1MDE0MTQ1LCJuYmYiOjE1NjUwMTA1NDUsImp0aSI6ImJJS1N0ZWdKWE9jc0h5cEQifQ.o_8cfe7rRwt1FkM-8XvP5RYro6IFfjg_dtga4Wap31A', '', 1, '2019-08-05 13:09:05', '2019-08-09 13:13:33', '2019-08-09 13:13:33'),
(80, 123, 1, '12222', 'eyJ0eXAiOiJKV1QiLCJhbGciOiJIUzI1NiJ9.eyJzdWIiOjEyMywiaXNzIjoiaHR0cDovL2xvY2FsaG9zdC9jb3VyaWVyYXBwL0FQSS9sb2dpbiIsImlhdCI6MTU2NTA5Mzg1OCwiZXhwIjoxNTY1MDk3NDU4LCJuYmYiOjE1NjUwOTM4NTgsImp0aSI6IkpOcDkyZWVnNkRKTUNmc3QifQ.0pY3zrnEGH5w6vrwWfzxJ8Ln0iALL4GMTbLhDPrWheI', '', 1, '2019-08-06 12:17:39', '2019-08-09 13:13:33', '2019-08-09 13:13:33'),
(81, 123, 1, '12222', 'eyJ0eXAiOiJKV1QiLCJhbGciOiJIUzI1NiJ9.eyJzdWIiOjEyMywiaXNzIjoiaHR0cDovL2xvY2FsaG9zdC9jb3VyaWVyYXBwL0FQSS9sb2dpbiIsImlhdCI6MTU2NTA5NzQ3OCwiZXhwIjoxNTY1MTAxMDc4LCJuYmYiOjE1NjUwOTc0NzgsImp0aSI6Im55ZGcxSkw4akducWZzMWIifQ.tIdDpDjN1Bx3GQQ2oGdx4gcG8vULCxbKXU49oxfj_0M', '', 1, '2019-08-06 13:17:58', '2019-08-09 13:13:33', '2019-08-09 13:13:33'),
(82, 123, 1, '12222', 'eyJ0eXAiOiJKV1QiLCJhbGciOiJIUzI1NiJ9.eyJzdWIiOjEyMywiaXNzIjoiaHR0cDovL2xvY2FsaG9zdC9jb3VyaWVyYXBwL0FQSS9sb2dpbiIsImlhdCI6MTU2NTEwMTA5OCwiZXhwIjoxNTY1MTA0Njk4LCJuYmYiOjE1NjUxMDEwOTgsImp0aSI6ImpNcG5ER0hSZHA1aEF6QmoifQ.8pNYq9pnQGynPyd-hRlRhjhQp67uRUYvwSfccdmfiXo', '', 1, '2019-08-06 14:18:18', '2019-08-09 13:13:33', '2019-08-09 13:13:33'),
(83, 123, 1, '12222', 'eyJ0eXAiOiJKV1QiLCJhbGciOiJIUzI1NiJ9.eyJzdWIiOjEyMywiaXNzIjoiaHR0cDovL2xvY2FsaG9zdC9jb3VyaWVyYXBwL0FQSS9sb2dpbiIsImlhdCI6MTU2NTI0Mzk0MCwiZXhwIjoxNTY1MjQ3NTQwLCJuYmYiOjE1NjUyNDM5NDAsImp0aSI6InRUS3VoRzFPWVhNdk81YVMifQ.u634cSRfdrt69FCC-w0nkGSjZPMDaQDZS_u2rmXrzHo', '', 1, '2019-08-08 05:59:01', '2019-08-09 13:13:33', '2019-08-09 13:13:33'),
(84, 123, 1, '12222', 'eyJ0eXAiOiJKV1QiLCJhbGciOiJIUzI1NiJ9.eyJzdWIiOjEyMywiaXNzIjoiaHR0cDovL2xvY2FsaG9zdC9jb3VyaWVyYXBwL0FQSS9sb2dpbiIsImlhdCI6MTU2NTI0NDU0NywiZXhwIjoxNTY1MjQ4MTQ3LCJuYmYiOjE1NjUyNDQ1NDcsImp0aSI6IndyR09zenBZU3IxRnI0Wm8ifQ.ZERVNV7t0uoD0dVvKqI6QzGGe-OaeLp6joXWHecvJNc', '', 1, '2019-08-08 06:09:07', '2019-08-09 13:13:33', '2019-08-09 13:13:33'),
(85, 123, 1, '12222', 'eyJ0eXAiOiJKV1QiLCJhbGciOiJIUzI1NiJ9.eyJzdWIiOjEyMywiaXNzIjoiaHR0cDovL2xvY2FsaG9zdC9jb3VyaWVyYXBwL0FQSS9sb2dpbiIsImlhdCI6MTU2NTI0ODU3MywiZXhwIjoxNTY1MjUyMTczLCJuYmYiOjE1NjUyNDg1NzMsImp0aSI6InpvU0tDR3lEeXlETGdQaXMifQ.HvmGaKiTmdzZl45JVMpQXNtis3S3W38SSr0Tog83zo8', '', 1, '2019-08-08 07:16:13', '2019-08-09 13:13:33', '2019-08-09 13:13:33'),
(86, 123, 1, '12222', 'eyJ0eXAiOiJKV1QiLCJhbGciOiJIUzI1NiJ9.eyJzdWIiOjEyMywiaXNzIjoiaHR0cDovL2xvY2FsaG9zdC9jb3VyaWVyYXBwL0FQSS9sb2dpbiIsImlhdCI6MTU2NTI1NDU4MCwiZXhwIjoxNTY1MjU4MTgwLCJuYmYiOjE1NjUyNTQ1ODAsImp0aSI6InhNVTZ5SXFCN0xMeG5zcmYifQ.hXpHb2qD5MXpssXTfUiqCcBpDukhjW8iJc5Dhgm0g3g', '', 1, '2019-08-08 08:56:22', '2019-08-09 13:13:33', '2019-08-09 13:13:33'),
(87, 123, 1, '12222', 'eyJ0eXAiOiJKV1QiLCJhbGciOiJIUzI1NiJ9.eyJzdWIiOjEyMywiaXNzIjoiaHR0cDovL2xvY2FsaG9zdC9jb3VyaWVyYXBwL0FQSS9sb2dpbiIsImlhdCI6MTU2NTI1ODM4MywiZXhwIjoxNTY1MjYxOTgzLCJuYmYiOjE1NjUyNTgzODMsImp0aSI6ImZFSWdWOXRvREdwYkpXdksifQ.vzcJePfFTHcJUbkyDRbuU5_woZLm1Gbx-45lRXR745s', '', 1, '2019-08-08 09:59:43', '2019-08-09 13:13:33', '2019-08-09 13:13:33'),
(88, 123, 1, '12222', 'eyJ0eXAiOiJKV1QiLCJhbGciOiJIUzI1NiJ9.eyJzdWIiOjEyMywiaXNzIjoiaHR0cDovL2xvY2FsaG9zdC9jb3VyaWVyYXBwL0FQSS9sb2dpbiIsImlhdCI6MTU2NTI2ODMwNSwiZXhwIjoxNTY1MjcxOTA1LCJuYmYiOjE1NjUyNjgzMDUsImp0aSI6IlBsY2wzZWxiR25vbWtZRXcifQ.9m1U5tg9qVhHLEwstR4z3UcHHid9uH4-wBMD-HqzKbA', '', 1, '2019-08-08 12:45:05', '2019-08-09 13:13:33', '2019-08-09 13:13:33'),
(89, 123, 1, '12222', 'eyJ0eXAiOiJKV1QiLCJhbGciOiJIUzI1NiJ9.eyJzdWIiOjEyMywiaXNzIjoiaHR0cDovL2xvY2FsaG9zdC9jb3VyaWVyYXBwL0FQSS9sb2dpbiIsImlhdCI6MTU2NTMzNTIxNCwiZXhwIjoxNTY1MzM4ODE0LCJuYmYiOjE1NjUzMzUyMTQsImp0aSI6ImNqdDlaU005NjBreGF0clcifQ.kgqjQgRt-6H2o4zBvjvqyu-NZynAag4ZMKaOuTGUSnQ', '', 1, '2019-08-09 07:20:15', '2019-08-09 13:13:33', '2019-08-09 13:13:33'),
(90, 123, 1, '12222', 'eyJ0eXAiOiJKV1QiLCJhbGciOiJIUzI1NiJ9.eyJzdWIiOjEyMywiaXNzIjoiaHR0cDovL2xvY2FsaG9zdC9jb3VyaWVyYXBwL0FQSS9sb2dpbiIsImlhdCI6MTU2NTMzOTc5NCwiZXhwIjoxNTY1MzQzMzk0LCJuYmYiOjE1NjUzMzk3OTQsImp0aSI6IlpCb3EwNVZURG5DSHpMQmoifQ._9s4Vyltciuay2Hnsc9J-HveKjCEyUdEP7M0_gs5Pp0', '', 1, '2019-08-09 08:36:34', '2019-08-09 13:13:33', '2019-08-09 13:13:33'),
(91, 123, 1, '12222', 'eyJ0eXAiOiJKV1QiLCJhbGciOiJIUzI1NiJ9.eyJzdWIiOjEyMywiaXNzIjoiaHR0cDovL2xvY2FsaG9zdC9jb3VyaWVyYXBwL0FQSS9sb2dpbiIsImlhdCI6MTU2NTM1NjQxMywiZXhwIjoxNTY1MzYwMDEzLCJuYmYiOjE1NjUzNTY0MTMsImp0aSI6ImhQVU1ZczhQaXZmZGZienEifQ.NAX8sDYj9hh4bWWOLCd2A3aHZgpKh5m-V-ykcIeha_s', '', 0, '2019-08-09 13:13:33', '2019-08-09 13:13:33', NULL),
(92, 155, 1, '12222', 'eyJ0eXAiOiJKV1QiLCJhbGciOiJIUzI1NiJ9.eyJzdWIiOjE1NSwiaXNzIjoiaHR0cDovL2xvY2FsaG9zdC9jb3VyaWVyYXBwL0FQSS9sb2dpbiIsImlhdCI6MTU2NTc4Mjk5MSwiZXhwIjoxNTY1Nzg2NTkxLCJuYmYiOjE1NjU3ODI5OTEsImp0aSI6IjVxUkZ0V0pYaEhIRVZ1MjkifQ.SG3RV8WI8qecocM8R2nbBOx9N-RK6m0wxCCVk7cbsZ4', '', 1, '2019-08-14 11:43:11', '2019-08-14 11:50:56', '2019-08-14 11:50:56'),
(93, 155, 1, '12222', 'eyJ0eXAiOiJKV1QiLCJhbGciOiJIUzI1NiJ9.eyJzdWIiOjE1NSwiaXNzIjoiaHR0cDovL2xvY2FsaG9zdC9jb3VyaWVyYXBwL0FQSS9sb2dpbiIsImlhdCI6MTU2NTc4MzQ1NiwiZXhwIjoxNTY1Nzg3MDU2LCJuYmYiOjE1NjU3ODM0NTYsImp0aSI6IkhBVHJvdnB6OEFmQVloR24ifQ.ILnbCAwPb3tuOwrIj0LZ13hc4Mkfsb26sWYeZJ9HYlY', '', 0, '2019-08-14 11:50:56', '2019-08-14 11:50:56', NULL);

-- --------------------------------------------------------

--
-- Table structure for table `cca_building_types`
--

CREATE TABLE `cca_building_types` (
  `building_type_id` int(11) NOT NULL,
  `is_blocked` smallint(6) NOT NULL,
  `is_deleted` datetime NOT NULL,
  `created_at` datetime NOT NULL,
  `updated_at` datetime NOT NULL,
  `deleted_at` datetime DEFAULT NULL
) ENGINE=InnoDB DEFAULT CHARSET=latin1;

--
-- Dumping data for table `cca_building_types`
--

INSERT INTO `cca_building_types` (`building_type_id`, `is_blocked`, `is_deleted`, `created_at`, `updated_at`, `deleted_at`) VALUES
(1, 0, '0000-00-00 00:00:00', '0000-00-00 00:00:00', '0000-00-00 00:00:00', '0000-00-00 00:00:00'),
(2, 0, '0000-00-00 00:00:00', '0000-00-00 00:00:00', '0000-00-00 00:00:00', '0000-00-00 00:00:00'),
(3, 0, '0000-00-00 00:00:00', '0000-00-00 00:00:00', '0000-00-00 00:00:00', '0000-00-00 00:00:00'),
(4, 0, '0000-00-00 00:00:00', '0000-00-00 00:00:00', '0000-00-00 00:00:00', '0000-00-00 00:00:00');

-- --------------------------------------------------------

--
-- Table structure for table `cca_building_type_languages`
--

CREATE TABLE `cca_building_type_languages` (
  `building_type_language_id` int(11) NOT NULL,
  `language_id` smallint(6) NOT NULL,
  `building_type_id` int(11) NOT NULL,
  `building_type` varchar(255) CHARACTER SET utf8 COLLATE utf8_unicode_ci NOT NULL,
  `is_blocked` smallint(6) NOT NULL,
  `is_deleted` smallint(6) NOT NULL,
  `updated_at` datetime NOT NULL,
  `created_at` datetime NOT NULL,
  `deleted_at` datetime DEFAULT NULL
) ENGINE=InnoDB DEFAULT CHARSET=latin1;

--
-- Dumping data for table `cca_building_type_languages`
--

INSERT INTO `cca_building_type_languages` (`building_type_language_id`, `language_id`, `building_type_id`, `building_type`, `is_blocked`, `is_deleted`, `updated_at`, `created_at`, `deleted_at`) VALUES
(1, 1, 1, 'Home', 0, 0, '2019-07-10 17:19:48', '2019-07-10 17:19:48', '0000-00-00 00:00:00'),
(2, 1, 2, 'Apartment', 0, 0, '2019-07-10 17:19:48', '2019-07-10 17:19:48', '0000-00-00 00:00:00'),
(3, 1, 3, 'School', 0, 0, '2019-07-10 17:20:11', '2019-07-10 17:20:11', '0000-00-00 00:00:00'),
(4, 1, 4, 'Office', 0, 0, '2019-07-10 17:20:11', '2019-07-10 17:20:11', '0000-00-00 00:00:00'),
(7, 2, 1, 'الصفحة الرئيسية', 0, 0, '2019-07-15 17:18:03', '2019-07-15 17:18:03', '0000-00-00 00:00:00'),
(8, 2, 2, 'شقة', 0, 0, '2019-07-15 17:18:03', '2019-07-15 17:18:03', '0000-00-00 00:00:00'),
(9, 2, 3, 'مدرسة', 0, 0, '2019-07-15 17:20:06', '2019-07-15 17:20:06', '0000-00-00 00:00:00'),
(10, 2, 4, 'مكتب. مقر. مركز', 0, 0, '2019-07-15 17:20:06', '2019-07-15 17:20:06', '0000-00-00 00:00:00');

-- --------------------------------------------------------

--
-- Table structure for table `cca_consignments`
--

CREATE TABLE `cca_consignments` (
  `consignment_id` int(11) UNSIGNED NOT NULL,
  `consignment_order_id` varchar(255) NOT NULL,
  `customer_id` int(11) UNSIGNED NOT NULL,
  `manager_id` int(11) UNSIGNED NOT NULL DEFAULT 0,
  `driver_id` int(11) UNSIGNED NOT NULL DEFAULT 0,
  `consignment_status` tinyint(1) UNSIGNED NOT NULL DEFAULT 0 COMMENT '0=n/a,1= driver assign, 2=driver arriving, 3=driver arrived, 4=driver picked up, 5=delivered, 6= not delivered, 7=driver assigning failed;',
  `pickup_address` varchar(300) NOT NULL,
  `pickup_latitude` varchar(30) NOT NULL,
  `pickup_longitude` varchar(30) NOT NULL,
  `number_of_delivery` tinyint(2) UNSIGNED NOT NULL DEFAULT 1,
  `consignment_cost` double UNSIGNED NOT NULL DEFAULT 0,
  `coupon_code` varchar(10) NOT NULL DEFAULT '',
  `coupon_amount` double UNSIGNED NOT NULL DEFAULT 0,
  `payable_cost` double NOT NULL,
  `pickup_date_time` datetime NOT NULL,
  `admin_payment_cost` float NOT NULL DEFAULT 0,
  `manager_payment_cost` float NOT NULL DEFAULT 0,
  `is_blocked` tinyint(1) UNSIGNED NOT NULL DEFAULT 0,
  `is_deleted` tinyint(1) UNSIGNED NOT NULL DEFAULT 0,
  `created_at` datetime NOT NULL,
  `updated_at` datetime NOT NULL,
  `deleted_at` datetime DEFAULT NULL
) ENGINE=InnoDB DEFAULT CHARSET=latin1;

--
-- Dumping data for table `cca_consignments`
--

INSERT INTO `cca_consignments` (`consignment_id`, `consignment_order_id`, `customer_id`, `manager_id`, `driver_id`, `consignment_status`, `pickup_address`, `pickup_latitude`, `pickup_longitude`, `number_of_delivery`, `consignment_cost`, `coupon_code`, `coupon_amount`, `payable_cost`, `pickup_date_time`, `admin_payment_cost`, `manager_payment_cost`, `is_blocked`, `is_deleted`, `created_at`, `updated_at`, `deleted_at`) VALUES
(1, 'dgu7281', 43, 2, 27, 1, 'kol', '22.3310478', '87.1924574', 1, 100, 'vr11', 30, 70, '2019-07-01 04:12:20', 0, 0, 0, 0, '2019-07-01 02:10:06', '2019-07-01 03:11:11', '2019-07-01 03:06:05'),
(2, 'gwyd68', 32, 5, 10, 0, 'abc', '17.4128084', '131.036', 1, 200, 'coupon50', 50, 150, '2019-07-10 01:04:12', 0, 0, 0, 0, '0000-00-00 00:00:00', '0000-00-00 00:00:00', NULL),
(133, '', 123, 0, 128, 1, 'Salt Lake', '22.5688745', '88.4286339', 2, 4.3949, '', 0, 4.3949, '2019-09-06 17:48:00', 0.7749, 3.62, 0, 0, '2019-08-09 09:23:19', '2019-08-09 09:23:19', NULL),
(134, 'dgu7281', 43, 2, 27, 0, 'kol', '22.3310478', '87.1924574', 1, 100, 'vr11', 30, 70, '2019-07-01 04:12:20', 0, 0, 0, 0, '2019-07-01 02:10:06', '2019-07-01 03:11:11', '2019-07-01 03:06:05');

-- --------------------------------------------------------

--
-- Table structure for table `cca_consignment_rejects`
--

CREATE TABLE `cca_consignment_rejects` (
  `consignment_reject_id` int(11) NOT NULL,
  `driver_id` smallint(6) NOT NULL,
  `consignment_id` smallint(6) NOT NULL,
  `created_at` datetime NOT NULL,
  `updated_at` datetime NOT NULL
) ENGINE=InnoDB DEFAULT CHARSET=latin1;

--
-- Dumping data for table `cca_consignment_rejects`
--

INSERT INTO `cca_consignment_rejects` (`consignment_reject_id`, `driver_id`, `consignment_id`, `created_at`, `updated_at`) VALUES
(1, 123, 3, '2019-07-19 11:17:47', '2019-07-19 11:17:47'),
(2, 123, 3, '2019-07-19 11:18:08', '2019-07-19 11:18:08'),
(3, 123, 3, '2019-08-02 13:58:53', '2019-08-02 13:58:53'),
(4, 123, 3, '2019-08-02 14:00:15', '2019-08-02 14:00:15'),
(5, 123, 3, '2019-08-02 14:05:54', '2019-08-02 14:05:54');

-- --------------------------------------------------------

--
-- Table structure for table `cca_contacts`
--

CREATE TABLE `cca_contacts` (
  `contact_id` int(10) UNSIGNED NOT NULL,
  `contact_type_id` int(10) UNSIGNED NOT NULL,
  `contact_text` varchar(300) NOT NULL,
  `contact_text_arabic` varchar(255) CHARACTER SET utf8 COLLATE utf8_unicode_ci NOT NULL,
  `contact_title` varchar(50) NOT NULL DEFAULT '',
  `contact_lat` varchar(20) NOT NULL DEFAULT '',
  `contact_lon` varchar(20) NOT NULL DEFAULT '',
  `is_blocked` tinyint(1) UNSIGNED NOT NULL DEFAULT 0,
  `is_deleted` tinyint(1) UNSIGNED NOT NULL DEFAULT 0,
  `created_at` datetime NOT NULL,
  `updated_at` datetime NOT NULL,
  `deleted_at` datetime DEFAULT NULL
) ENGINE=InnoDB DEFAULT CHARSET=latin1 COMMENT='admins contact us section';

--
-- Dumping data for table `cca_contacts`
--

INSERT INTO `cca_contacts` (`contact_id`, `contact_type_id`, `contact_text`, `contact_text_arabic`, `contact_title`, `contact_lat`, `contact_lon`, `is_blocked`, `is_deleted`, `created_at`, `updated_at`, `deleted_at`) VALUES
(1, 1, 'Park Hyatt Hyderabad, Road Number 2, Sri Nagar Colony, Kamalapuri Colony, Banjara Hills, Hyderabad, Telangana, India', '', '', '9.985401099999999', '76.27588979999996', 1, 0, '2019-07-02 00:00:00', '2019-07-02 07:18:57', NULL);

-- --------------------------------------------------------

--
-- Table structure for table `cca_contact_types`
--

CREATE TABLE `cca_contact_types` (
  `contact_type_id` int(11) UNSIGNED NOT NULL,
  `contact_type_name` varchar(50) NOT NULL,
  `is_blocked` tinyint(1) UNSIGNED NOT NULL DEFAULT 0,
  `is_deleted` tinyint(1) UNSIGNED NOT NULL DEFAULT 0,
  `created_at` datetime NOT NULL,
  `updated_at` datetime NOT NULL,
  `deleted_at` datetime DEFAULT NULL
) ENGINE=InnoDB DEFAULT CHARSET=latin1;

--
-- Dumping data for table `cca_contact_types`
--

INSERT INTO `cca_contact_types` (`contact_type_id`, `contact_type_name`, `is_blocked`, `is_deleted`, `created_at`, `updated_at`, `deleted_at`) VALUES
(1, 'Location', 0, 0, '2019-06-17 17:02:59', '2019-06-17 17:02:59', NULL),
(2, 'Email', 0, 0, '2019-06-17 17:02:59', '2019-06-17 17:02:59', NULL),
(3, 'Phone', 0, 0, '2019-06-17 17:02:59', '2019-06-17 17:02:59', NULL);

-- --------------------------------------------------------

--
-- Table structure for table `cca_delivery_addresses`
--

CREATE TABLE `cca_delivery_addresses` (
  `delivery_id` int(11) UNSIGNED NOT NULL,
  `consignment_id` int(11) UNSIGNED NOT NULL,
  `address_id` int(11) UNSIGNED NOT NULL DEFAULT 0 COMMENT 'only for filtering',
  `drop_off_address` varchar(300) NOT NULL,
  `drop_off_latitude` varchar(30) NOT NULL,
  `drop_off_longitude` varchar(30) NOT NULL,
  `drop_off_distance` decimal(10,0) NOT NULL DEFAULT 0,
  `drop_off_date_time` datetime DEFAULT NULL,
  `drop_off_status` tinyint(1) UNSIGNED NOT NULL DEFAULT 0 COMMENT '1=in process,2=delivered, 3=failed',
  `delivery_comment` varchar(300) NOT NULL DEFAULT '',
  `is_blocked` tinyint(1) UNSIGNED NOT NULL DEFAULT 0,
  `is_deleted` tinyint(1) UNSIGNED NOT NULL DEFAULT 0,
  `created_at` datetime NOT NULL,
  `updated_at` datetime NOT NULL,
  `deleted_at` datetime DEFAULT NULL
) ENGINE=InnoDB DEFAULT CHARSET=latin1 COMMENT='consignments delivery addresses';

--
-- Dumping data for table `cca_delivery_addresses`
--

INSERT INTO `cca_delivery_addresses` (`delivery_id`, `consignment_id`, `address_id`, `drop_off_address`, `drop_off_latitude`, `drop_off_longitude`, `drop_off_distance`, `drop_off_date_time`, `drop_off_status`, `delivery_comment`, `is_blocked`, `is_deleted`, `created_at`, `updated_at`, `deleted_at`) VALUES
(1, 1, 0, 'Netaji Nagar', '22.6352818', '88.3146533', '10', '2019-07-16 03:10:07', 0, 'not delivered', 0, 0, '0000-00-00 00:00:00', '0000-00-00 00:00:00', NULL),
(2, 2, 0, 'park street', '23.876', '56.896', '30', '2019-07-24 02:06:06', 0, 'complete', 0, 0, '0000-00-00 00:00:00', '0000-00-00 00:00:00', NULL),
(3, 1, 0, '25 Abanindra Nath Tagore Sarani, Kolkata, Kolkata Urban Agglomerate, West Bengal, 700020\r\nSudder Street, Circus Avenue Kolkata India', '22.548691', '88.354068', '10', '2019-07-16 03:10:07', 0, 'not delivered', 0, 0, '0000-00-00 00:00:00', '0000-00-00 00:00:00', NULL),
(244, 133, 0, 'Science City, JBS Haldane Ave, Mirania Gardens, East Topsia, Topsia, Kolkata, West Bengal', '22.5390605', '88.3936313', '15', NULL, 0, '', 0, 0, '0000-00-00 00:00:00', '0000-00-00 00:00:00', NULL),
(245, 133, 0, 'Beleghata I.D. And B.G. Hospital, Subhas Sarobar Park, Phool Bagan, Beleghata, Kolkata, West Bengal', '22.5625015', '88.3963672', '15', NULL, 0, '', 0, 0, '0000-00-00 00:00:00', '0000-00-00 00:00:00', NULL);

-- --------------------------------------------------------

--
-- Table structure for table `cca_faqs`
--

CREATE TABLE `cca_faqs` (
  `faq_id` int(11) UNSIGNED NOT NULL,
  `is_blocked` tinyint(1) UNSIGNED NOT NULL DEFAULT 0,
  `is_deleted` tinyint(1) UNSIGNED NOT NULL DEFAULT 0,
  `created_at` datetime NOT NULL,
  `updated_at` datetime NOT NULL,
  `deleted_at` datetime DEFAULT NULL
) ENGINE=InnoDB DEFAULT CHARSET=latin1;

--
-- Dumping data for table `cca_faqs`
--

INSERT INTO `cca_faqs` (`faq_id`, `is_blocked`, `is_deleted`, `created_at`, `updated_at`, `deleted_at`) VALUES
(1, 0, 0, '2019-06-25 00:00:00', '2019-06-25 00:00:00', NULL),
(2, 0, 0, '2019-06-25 00:00:00', '2019-06-25 00:00:00', NULL),
(3, 0, 0, '2019-07-26 00:00:00', '2019-07-26 00:00:00', NULL),
(4, 0, 0, '2019-07-26 00:00:00', '2019-07-26 00:00:00', NULL),
(5, 0, 0, '2019-07-26 00:00:00', '2019-07-26 00:00:00', NULL),
(6, 0, 0, '2019-07-26 00:00:00', '2019-07-26 00:00:00', NULL),
(7, 0, 0, '2019-07-26 00:00:00', '2019-07-26 00:00:00', NULL),
(8, 0, 0, '2019-07-26 00:00:00', '2019-07-26 00:00:00', NULL),
(9, 0, 0, '2019-07-26 00:00:00', '2019-07-26 00:00:00', NULL),
(10, 0, 0, '2019-07-26 00:00:00', '2019-07-26 00:00:00', NULL),
(11, 0, 0, '2019-07-26 00:00:00', '2019-07-26 00:00:00', NULL),
(12, 0, 0, '2019-07-26 00:00:00', '2019-07-26 00:00:00', NULL);

-- --------------------------------------------------------

--
-- Table structure for table `cca_faq_languages`
--

CREATE TABLE `cca_faq_languages` (
  `faq_language_id` int(11) UNSIGNED NOT NULL,
  `faq_id` int(11) UNSIGNED NOT NULL,
  `language_id` int(11) UNSIGNED NOT NULL,
  `faq_title` varchar(300) CHARACTER SET utf8 COLLATE utf8_unicode_ci NOT NULL,
  `faq_description` text CHARACTER SET utf8 COLLATE utf8_unicode_ci NOT NULL,
  `is_blocked` tinyint(1) UNSIGNED NOT NULL DEFAULT 0,
  `is_deleted` tinyint(1) UNSIGNED NOT NULL DEFAULT 0,
  `created_at` datetime NOT NULL,
  `updated_at` datetime NOT NULL,
  `deleted_at` datetime DEFAULT NULL
) ENGINE=InnoDB DEFAULT CHARSET=latin1;

--
-- Dumping data for table `cca_faq_languages`
--

INSERT INTO `cca_faq_languages` (`faq_language_id`, `faq_id`, `language_id`, `faq_title`, `faq_description`, `is_blocked`, `is_deleted`, `created_at`, `updated_at`, `deleted_at`) VALUES
(1, 1, 1, 'rter11', 'tyt11', 0, 1, '2019-06-25 11:34:54', '2019-06-25 11:35:14', NULL),
(2, 1, 2, 'اختبار', 'bgf22', 0, 0, '2019-06-25 11:34:54', '2019-06-25 11:35:14', NULL),
(3, 2, 1, 'qw', 'qw', 0, 0, '2019-06-25 11:36:05', '2019-07-03 02:08:57', NULL),
(4, 2, 2, 'اختبار', 'as23', 0, 0, '2019-06-25 11:36:05', '2019-07-03 02:08:57', NULL),
(5, 3, 1, '', '', 0, 0, '2019-07-26 10:14:47', '2019-07-26 10:14:47', NULL),
(6, 3, 2, '', '', 0, 0, '2019-07-26 10:14:47', '2019-07-26 10:14:47', NULL),
(7, 4, 1, '', '', 0, 0, '2019-07-26 10:15:45', '2019-07-26 10:15:45', NULL),
(8, 4, 2, '', '', 0, 0, '2019-07-26 10:15:45', '2019-07-26 10:15:45', NULL),
(9, 5, 1, '', '', 0, 0, '2019-07-26 10:19:00', '2019-07-26 10:19:00', NULL),
(10, 5, 2, '', '', 0, 0, '2019-07-26 10:19:00', '2019-07-26 10:19:00', NULL),
(11, 6, 1, '', '', 0, 0, '2019-07-26 10:21:14', '2019-07-26 10:21:14', NULL),
(12, 6, 2, '', '', 0, 0, '2019-07-26 10:21:14', '2019-07-26 10:21:14', NULL),
(13, 7, 1, '', '', 0, 0, '2019-07-26 10:23:21', '2019-07-26 10:23:21', NULL),
(14, 7, 2, '', '', 0, 0, '2019-07-26 10:23:21', '2019-07-26 10:23:21', NULL),
(15, 8, 1, '', '', 0, 0, '2019-07-26 10:23:58', '2019-07-26 10:23:58', NULL),
(16, 8, 2, '', '', 0, 0, '2019-07-26 10:23:58', '2019-07-26 10:23:58', NULL),
(17, 9, 1, '', '', 0, 0, '2019-07-26 10:24:43', '2019-07-26 10:24:43', NULL),
(18, 9, 2, '', '', 0, 0, '2019-07-26 10:24:43', '2019-07-26 10:24:43', NULL),
(19, 10, 1, '', '', 0, 0, '2019-07-26 10:25:37', '2019-07-26 10:25:37', NULL),
(20, 10, 2, '', '', 0, 0, '2019-07-26 10:25:37', '2019-07-26 10:25:37', NULL),
(21, 11, 1, '', '', 0, 0, '2019-07-26 10:27:26', '2019-07-26 10:27:26', NULL),
(22, 11, 2, '', '', 0, 0, '2019-07-26 10:27:26', '2019-07-26 10:27:26', NULL),
(23, 12, 1, '', '', 0, 0, '2019-07-26 10:28:20', '2019-07-26 10:28:20', NULL),
(24, 12, 2, '', '', 0, 0, '2019-07-26 10:28:20', '2019-07-26 10:28:20', NULL);

-- --------------------------------------------------------

--
-- Table structure for table `cca_governerartes`
--

CREATE TABLE `cca_governerartes` (
  `governerartes_id` int(11) NOT NULL,
  `governerartes_name` varchar(255) NOT NULL,
  `created_at` datetime NOT NULL,
  `updated_at` datetime NOT NULL,
  `deleted_at` datetime NOT NULL,
  `is_blocked` int(11) NOT NULL DEFAULT 0,
  `is_deleted` int(11) NOT NULL DEFAULT 0
) ENGINE=InnoDB DEFAULT CHARSET=latin1;

--
-- Dumping data for table `cca_governerartes`
--

INSERT INTO `cca_governerartes` (`governerartes_id`, `governerartes_name`, `created_at`, `updated_at`, `deleted_at`, `is_blocked`, `is_deleted`) VALUES
(1, 'Asma Governorate', '2019-08-06 00:00:00', '2019-08-06 00:00:00', '0000-00-00 00:00:00', 0, 0),
(2, 'Jahra Governorate', '2019-08-06 00:00:00', '2019-08-06 00:00:00', '0000-00-00 00:00:00', 0, 0),
(3, 'Ahmadi Governorate', '2019-08-06 00:00:00', '2019-08-06 00:00:00', '0000-00-00 00:00:00', 0, 0),
(4, 'Hawalli Governorate', '2019-08-06 00:00:00', '2019-08-06 00:00:00', '0000-00-00 00:00:00', 0, 0),
(5, 'Mubarak Alkabeer Goverorate', '2019-08-06 00:00:00', '2019-08-06 00:00:00', '0000-00-00 00:00:00', 0, 0),
(6, 'Farwaniya Goverorate', '2019-08-06 00:00:00', '2019-08-06 00:00:00', '0000-00-00 00:00:00', 0, 0);

-- --------------------------------------------------------

--
-- Table structure for table `cca_languages`
--

CREATE TABLE `cca_languages` (
  `language_id` int(11) UNSIGNED NOT NULL,
  `language_name` varchar(200) CHARACTER SET utf8 COLLATE utf8_unicode_ci NOT NULL,
  `is_blocked` tinyint(1) UNSIGNED NOT NULL DEFAULT 0,
  `is_deleted` tinyint(1) UNSIGNED NOT NULL DEFAULT 0,
  `created_at` datetime NOT NULL,
  `updated_at` datetime NOT NULL,
  `deleted_at` datetime DEFAULT NULL
) ENGINE=InnoDB DEFAULT CHARSET=latin1 COMMENT='supported languages';

--
-- Dumping data for table `cca_languages`
--

INSERT INTO `cca_languages` (`language_id`, `language_name`, `is_blocked`, `is_deleted`, `created_at`, `updated_at`, `deleted_at`) VALUES
(1, 'English', 0, 0, '2019-06-17 17:06:14', '2019-06-17 17:06:14', NULL),
(2, 'Arabic', 0, 0, '2019-06-17 17:06:14', '2019-06-17 17:06:14', NULL);

-- --------------------------------------------------------

--
-- Table structure for table `cca_master_counts`
--

CREATE TABLE `cca_master_counts` (
  `master_count_id` int(11) NOT NULL,
  `field_type` int(11) NOT NULL COMMENT '2=sub admin, 3=manager, 4=driver, 5=customer, 6=consignment',
  `field_count` int(11) NOT NULL,
  `created_at` datetime NOT NULL,
  `updated_at` datetime NOT NULL,
  `deleted_at` datetime DEFAULT NULL
) ENGINE=InnoDB DEFAULT CHARSET=latin1;

--
-- Dumping data for table `cca_master_counts`
--

INSERT INTO `cca_master_counts` (`master_count_id`, `field_type`, `field_count`, `created_at`, `updated_at`, `deleted_at`) VALUES
(1, 2, 9, '2019-06-28 16:06:53', '2019-07-30 08:32:23', '2019-06-28 16:06:53'),
(2, 3, 29, '2019-06-28 16:06:53', '2019-08-14 12:13:32', '2019-06-28 16:06:53'),
(3, 4, 18, '2019-06-28 16:06:53', '2019-07-17 10:40:17', '2019-06-28 16:06:53'),
(4, 5, 18, '2019-06-28 16:06:53', '2019-08-14 13:39:41', '2019-06-28 16:06:53'),
(5, 6, 5, '2019-06-28 16:06:53', '2019-06-28 16:06:53', '2019-06-28 16:06:53');

-- --------------------------------------------------------

--
-- Table structure for table `cca_service_areas`
--

CREATE TABLE `cca_service_areas` (
  `service_area_id` int(11) UNSIGNED NOT NULL,
  `governerartes_id` int(11) NOT NULL,
  `area_name` varchar(200) NOT NULL,
  `area_lat` varchar(50) NOT NULL,
  `area_lon` varchar(50) NOT NULL,
  `area_radius` smallint(4) UNSIGNED NOT NULL DEFAULT 1 COMMENT 'in km',
  `is_blocked` tinyint(1) UNSIGNED NOT NULL DEFAULT 0,
  `is_deleted` tinyint(1) UNSIGNED NOT NULL DEFAULT 0,
  `created_at` datetime NOT NULL,
  `updated_at` datetime NOT NULL,
  `deleted_at` datetime DEFAULT NULL
) ENGINE=InnoDB DEFAULT CHARSET=latin1;

--
-- Dumping data for table `cca_service_areas`
--

INSERT INTO `cca_service_areas` (`service_area_id`, `governerartes_id`, `area_name`, `area_lat`, `area_lon`, `area_radius`, `is_blocked`, `is_deleted`, `created_at`, `updated_at`, `deleted_at`) VALUES
(1, 0, 'Patna, Bihar, India', '25.5940947', '85.13756450000005', 23, 1, 1, '2019-07-03 00:00:00', '2019-07-03 05:59:00', NULL),
(2, 0, 'Salt Lake Stadium, JB Block, Sector III, Bidhannagar, Kolkata, West Bengal', '22.5690538', '88.4068556', 24, 0, 0, '2019-07-03 00:00:00', '2019-08-06 12:42:42', NULL),
(3, 0, 'ret', '', '', 0, 0, 0, '2019-07-03 00:00:00', '2019-07-03 14:11:22', NULL),
(4, 0, 'Kolkata, West Bengal, India', '22.572646', '88.36389499999996', 5, 0, 0, '2019-07-04 00:00:00', '2019-07-04 07:43:01', NULL),
(5, 2, 'Salt Lake City Centre, DC Block, Sector 1, Bidhannagar, Kolkata, West Bengal, India', '22.588261', '88.40850069999999', 20, 0, 0, '2019-08-08 12:43:15', '2019-08-08 12:43:15', NULL);

-- --------------------------------------------------------

--
-- Table structure for table `cca_setting`
--

CREATE TABLE `cca_setting` (
  `setting_id` int(11) NOT NULL,
  `base_distance` int(11) NOT NULL COMMENT 'km',
  `base_price` float NOT NULL DEFAULT 0 COMMENT 'kwd',
  `minimum_price` int(11) NOT NULL COMMENT 'kwd',
  `per_km` float NOT NULL COMMENT 'cost per km after 8km',
  `commision` float NOT NULL COMMENT '%',
  `service_tax` float NOT NULL COMMENT 'pwd',
  `is_blocked` tinyint(4) NOT NULL DEFAULT 0,
  `created_at` datetime NOT NULL,
  `updated_at` datetime NOT NULL,
  `is_deleted` tinyint(4) NOT NULL DEFAULT 0
) ENGINE=InnoDB DEFAULT CHARSET=latin1;

--
-- Dumping data for table `cca_setting`
--

INSERT INTO `cca_setting` (`setting_id`, `base_distance`, `base_price`, `minimum_price`, `per_km`, `commision`, `service_tax`, `is_blocked`, `created_at`, `updated_at`, `is_deleted`) VALUES
(1, 8, 1.75, 2, 0.085, 14.5, 0.25, 0, '2019-06-26 13:52:15', '2019-08-01 10:30:44', 0);

-- --------------------------------------------------------

--
-- Table structure for table `cca_term_conditions`
--

CREATE TABLE `cca_term_conditions` (
  `term_condition_id` int(11) UNSIGNED NOT NULL,
  `title` varchar(300) NOT NULL DEFAULT '',
  `content` text NOT NULL,
  `is_blocked` tinyint(1) UNSIGNED NOT NULL DEFAULT 0,
  `is_deleted` tinyint(1) UNSIGNED NOT NULL DEFAULT 0,
  `created_at` datetime NOT NULL,
  `updated_at` datetime NOT NULL,
  `deleted_at` datetime DEFAULT NULL
) ENGINE=InnoDB DEFAULT CHARSET=latin1 COMMENT='admin define term and conditions';

--
-- Dumping data for table `cca_term_conditions`
--

INSERT INTO `cca_term_conditions` (`term_condition_id`, `title`, `content`, `is_blocked`, `is_deleted`, `created_at`, `updated_at`, `deleted_at`) VALUES
(1, '', '', 0, 0, '2019-07-15 00:00:00', '2019-07-15 00:00:00', NULL);

-- --------------------------------------------------------

--
-- Table structure for table `cca_term_condition_languages`
--

CREATE TABLE `cca_term_condition_languages` (
  `term_condition_language_id` int(11) UNSIGNED NOT NULL,
  `term_condition_id` int(11) UNSIGNED NOT NULL,
  `language_id` int(11) UNSIGNED NOT NULL,
  `term_title` varchar(300) CHARACTER SET utf8 COLLATE utf8_unicode_ci NOT NULL,
  `term_content` text CHARACTER SET utf8 COLLATE utf8_unicode_ci NOT NULL,
  `is_blocked` tinyint(1) UNSIGNED NOT NULL DEFAULT 0,
  `is_deleted` tinyint(1) UNSIGNED NOT NULL DEFAULT 0,
  `created_at` datetime NOT NULL,
  `updated_at` datetime NOT NULL,
  `deleted_at` datetime DEFAULT NULL
) ENGINE=InnoDB DEFAULT CHARSET=latin1;

--
-- Dumping data for table `cca_term_condition_languages`
--

INSERT INTO `cca_term_condition_languages` (`term_condition_language_id`, `term_condition_id`, `language_id`, `term_title`, `term_content`, `is_blocked`, `is_deleted`, `created_at`, `updated_at`, `deleted_at`) VALUES
(5, 1, 1, 'term', 'dfe', 0, 0, '2019-07-15 05:32:32', '2019-07-15 05:32:32', NULL),
(6, 1, 2, 'eng1', 'vfd', 0, 0, '2019-07-15 05:32:32', '2019-07-15 05:32:32', NULL);

-- --------------------------------------------------------

--
-- Table structure for table `cca_users`
--

CREATE TABLE `cca_users` (
  `user_id` int(11) UNSIGNED NOT NULL,
  `user_type` tinyint(1) NOT NULL DEFAULT 0 COMMENT '0=n/a, 1= admin, 2=sub admin, 3=manager, 4=driver, 5=customer',
  `full_name` varchar(200) CHARACTER SET utf8 COLLATE utf8_unicode_ci NOT NULL,
  `company_name` varchar(255) NOT NULL,
  `phone_no` varchar(10) NOT NULL,
  `country_calling_code` varchar(5) NOT NULL DEFAULT '+965',
  `email` varchar(300) NOT NULL DEFAULT '',
  `password` varchar(300) NOT NULL,
  `parent_user_id` int(11) UNSIGNED NOT NULL DEFAULT 0,
  `valid_permit_path` varchar(255) NOT NULL,
  `img_path` varchar(255) NOT NULL,
  `licence_no` varchar(255) NOT NULL,
  `driver_license_path` varchar(255) NOT NULL,
  `car_reg_path` varchar(255) NOT NULL,
  `vehical_type_id` smallint(6) DEFAULT 0,
  `vehical_reg_no` varchar(255) NOT NULL,
  `vehical_color` varchar(255) NOT NULL,
  `otp` smallint(4) UNSIGNED NOT NULL,
  `is_driver` int(11) NOT NULL DEFAULT 0,
  `is_otp_verified` tinyint(1) UNSIGNED NOT NULL DEFAULT 0,
  `admin_verify_status` tinyint(1) UNSIGNED NOT NULL DEFAULT 0 COMMENT '0=n/a, 1=approved, 2=reject',
  `avg_rating` decimal(2,1) DEFAULT 0.0,
  `user_status` tinyint(4) NOT NULL DEFAULT 0 COMMENT '0=Offline,1=online,2=In transit',
  `user_latitude` varchar(100) NOT NULL,
  `user_longitude` varchar(100) NOT NULL,
  `forget_password_token` varchar(255) DEFAULT NULL,
  `is_blocked` tinyint(1) UNSIGNED NOT NULL DEFAULT 0,
  `is_deleted` tinyint(1) UNSIGNED NOT NULL DEFAULT 0,
  `created_at` datetime NOT NULL,
  `updated_at` datetime NOT NULL,
  `deleted_at` datetime DEFAULT NULL
) ENGINE=InnoDB DEFAULT CHARSET=latin1;

--
-- Dumping data for table `cca_users`
--

INSERT INTO `cca_users` (`user_id`, `user_type`, `full_name`, `company_name`, `phone_no`, `country_calling_code`, `email`, `password`, `parent_user_id`, `valid_permit_path`, `img_path`, `licence_no`, `driver_license_path`, `car_reg_path`, `vehical_type_id`, `vehical_reg_no`, `vehical_color`, `otp`, `is_driver`, `is_otp_verified`, `admin_verify_status`, `avg_rating`, `user_status`, `user_latitude`, `user_longitude`, `forget_password_token`, `is_blocked`, `is_deleted`, `created_at`, `updated_at`, `deleted_at`) VALUES
(1, 1, 'Super Admin', '', '11111111', '+965', 'superadmin@courierapp.com', '$2y$10$zgePtxUAu.cyZKcQpRmtlOxqJW9zNsYL355XTBujscZOmPkj9qlZ.', 0, '', '', '', '', '', 0, '', '', 4463, 0, 1, 1, NULL, 0, '', '', NULL, 0, 0, '2019-06-17 19:36:12', '2019-07-24 10:43:14', NULL),
(2, 3, 'Manager2', 'ABC Company1', '22222222', '+965', 'manager2@courierapp.com', '$2y$10$zgePtxUAu.cyZKcQpRmtlOxqJW9zNsYL355XTBujscZOmPkj9qlZ.', 1, '', '', '', '', '', 0, '', '', 3412, 0, 1, 1, NULL, 0, '', '', NULL, 0, 0, '2019-06-17 19:36:12', '2019-07-12 14:17:51', NULL),
(3, 3, 'Manager-', 'ABC Company update-32test', '11111113', '+965', 'manager@courierapp.com', '8cb2237d0679ca88db6464eac60da96345513964', 1, '', '', '', '', '', 0, '', '', 4846, 0, 1, 1, NULL, 0, '', '', NULL, 1, 0, '2019-06-17 19:36:12', '2019-07-03 12:49:29', NULL),
(4, 3, 'gdf-opq', 'AZC--qwqe12', '23213232', '34', 'aa1@g.com', '8cb2237d0679ca88db6464eac60da96345513964', 1, '', '', '', '', '', 0, '', '', 0, 0, 0, 1, NULL, 0, '', '', NULL, 1, 0, '2019-06-21 08:36:03', '2019-07-08 07:09:54', NULL),
(5, 3, 'ghy lo', 'er1-edit', '342', '342', 'aa@g.com', '8cb2237d0679ca88db6464eac60da96345513964', 1, '', '', '', '', '', 0, '', '', 0, 0, 0, 1, NULL, 0, '', '', NULL, 0, 1, '2019-06-21 12:53:42', '2019-06-28 13:04:15', '2019-06-28 13:04:15'),
(8, 3, 'gdfyy', 'sart', '1111', '+965', 'aa@g.com', '8cb2237d0679ca88db6464eac60da96345513964', 1, '', '', '', '', '', 0, '', '', 0, 0, 0, 1, NULL, 0, '', '', NULL, 0, 1, '2019-06-21 14:21:46', '2019-06-26 11:35:19', '2019-06-26 11:35:19'),
(10, 4, 'name0', 'qweq---ww0', '0123456789', '+965', 'name0@gmail.com', '8cb2237d0679ca88db6464eac60da96345513964', 5, '', '', 'name_licence', '', '', 0, '', '', 0, 0, 0, 1, NULL, 0, '', '', NULL, 1, 1, '2019-06-24 10:22:33', '2019-06-27 06:15:38', '2019-06-27 06:15:38'),
(11, 3, 'qa', 'ABC Company ', '12345678', '+965', 'aa@g.com', '8cb2237d0679ca88db6464eac60da96345513964', 1, '', '', '', '', '', 0, '', '', 0, 0, 0, 1, NULL, 0, '', '', NULL, 1, 0, '2019-06-24 10:23:38', '2019-07-08 07:09:48', '2019-06-24 10:51:27'),
(27, 3, 'drv drv', 'ABC Company1', '44490811', '+965', 'test123@g.com', '8cb2237d0679ca88db6464eac60da96345513964', 0, '', '', 'ewre', '', '', 0, '', '', 0, 0, 0, 1, NULL, 0, '22.5689439', '88.4288806', NULL, 0, 0, '2019-06-26 11:53:21', '2019-07-16 11:04:48', '2019-06-26 13:29:24'),
(32, 5, 'gdf', 'AZC', '324', '+965', 'aa345@g.com', '8cb2237d0679ca88db6464eac60da96345513964', 1, '', '', '', '', '', 0, '', '', 0, 0, 0, 1, NULL, 0, '', '', NULL, 1, 0, '2019-06-27 09:33:26', '2019-06-28 11:04:33', NULL),
(35, 2, 'fdsf---pp subadmin44444', 'AZC', '56540987', '+965', 'aa44@g.com', '8cb2237d0679ca88db6464eac60da96345513964', 1, '', '', '', '', '', 0, '', '', 0, 0, 0, 1, NULL, 0, '', '', NULL, 1, 0, '2019-06-27 09:41:12', '2019-08-02 09:37:40', NULL),
(38, 4, 'cv', 'sdcw', '6767', '+965', 'aa@g.com', '8cb2237d0679ca88db6464eac60da96345513964', 27, '', '', '', '', '', 0, '', '', 0, 0, 0, 1, NULL, 1, '22.5688745', '88.4286339', NULL, 0, 0, '2019-06-27 09:45:07', '2019-07-01 12:10:20', '2019-07-01 12:10:20'),
(39, 3, 'cv', 'sdcw', '67672143', '+965', 'aa@g.com', '8cb2237d0679ca88db6464eac60da96345513964', 1, '', '', '', '', '', 0, '', '', 0, 0, 0, 1, NULL, 0, '', '', NULL, 0, 0, '2019-06-27 09:46:03', '2019-07-03 11:26:24', NULL),
(42, 3, 'dc', 'cds', '56467890', '+965', 'aa@g.com', '8cb2237d0679ca88db6464eac60da96345513964', 1, '', '', '', '', '', 0, '', '', 0, 0, 0, 1, NULL, 0, '', '', NULL, 0, 0, '2019-06-27 09:47:19', '2019-07-03 09:41:25', NULL),
(52, 3, 'rf', 'fe', '43890765', '+965', 'sw@gmail.com', '8cb2237d0679ca88db6464eac60da96345513964', 1, '', '', '', '', '', 0, '', '', 0, 0, 0, 1, NULL, 0, '', '', NULL, 0, 0, '2019-06-27 10:02:03', '2019-07-03 11:50:43', NULL),
(54, 3, 'rf', 'fe', '43', '+965', 'sw@gmail.com', '8cb2237d0679ca88db6464eac60da96345513964', 1, '', '', '', '', '', 0, '', '', 0, 0, 0, 1, NULL, 0, '', '', NULL, 0, 1, '2019-06-27 10:03:35', '2019-06-27 10:05:17', '2019-06-27 10:05:17'),
(55, 3, 'hty', 'gfg', '56765678', '+965', 'aa@g.com', '8cb2237d0679ca88db6464eac60da96345513964', 1, '', '', '', '', '', 0, '', '', 0, 0, 0, 1, NULL, 0, '', '', NULL, 0, 1, '2019-06-27 10:18:41', '2019-06-27 10:31:27', '2019-06-27 10:31:27'),
(56, 3, 'hty', 'gfg', '56765678', '+965', 'aa@g.com', '8cb2237d0679ca88db6464eac60da96345513964', 1, '', '', '', '', '', 0, '', '', 0, 0, 0, 1, '4.5', 0, '', '', NULL, 0, 1, '2019-06-27 10:19:14', '2019-06-27 10:30:35', '2019-06-27 10:30:35'),
(57, 4, 'we', 'ABC Company1', '35435423', '+965', 'aa@g.com', '8cb2237d0679ca88db6464eac60da96345513964', 2, '', '', 'tgr56', '', '', 0, '', '', 0, 0, 0, 1, '3.2', 0, '', '', NULL, 0, 0, '2019-06-27 11:10:03', '2019-07-03 12:49:55', NULL),
(58, 4, 'we', 'ABC Company1', '354354', '+965', 'aa@g.com', '8cb2237d0679ca88db6464eac60da96345513964', 2, '', '', 'tgr56', '', '', 0, '', '', 0, 0, 0, 1, '5.0', 0, '', '', NULL, 0, 1, '2019-06-27 11:10:42', '2019-06-27 11:13:27', '2019-06-27 11:13:27'),
(59, 4, 'er', 'ABC Company1', '435436', '+965', 'aa@g.com', '8cb2237d0679ca88db6464eac60da96345513964', 2, '', '', 'thr45', '', '', 0, '', '', 0, 0, 0, 1, '2.9', 0, '', '', NULL, 0, 1, '2019-06-27 11:13:05', '2019-07-16 10:44:02', '2019-07-16 10:44:02'),
(121, 3, 'Riya Dutta', 'cv', '22224444', '+965', 'riya@gmail.com', '7c222fb2927d828af22f592134e8932480637c0d', 0, '', '', '', '', '', 1, '', '', 3855, 0, 1, 1, NULL, 0, '', '', NULL, 0, 0, '2019-07-11 13:28:09', '2019-07-17 10:33:03', NULL),
(123, 5, 'Neha', '', '90890789', '+965', 'neha@gg.com', '$2y$10$CUKEbhqVRSI4TelbX6oWRuUwQ2gzRa.g0.Jv2w.QV8mPHX2TxQ5NS', 2, '', '1564987579.png', '', '', '', 0, '', '', 0, 0, 1, 1, NULL, 1, '22.5689439', '88.4288806', NULL, 0, 0, '2019-07-11 13:58:08', '2019-08-05 06:46:20', NULL),
(125, 4, 'Neha', '', '90890710', '+965', 'neha11@gg.com', '$2y$10$eRAGRBeSqO3ntoIxbFfaru3d5JRiwHLhAZWkUIoTErWH47/Boq3xW', 0, '', '', '', '', '', 0, '$2y$10$ex6b0r337T0KWmDZkDaNIOdcbTDpILGHQvz2R61ncNbBw0PcN00RW', '', 7460, 0, 0, 0, NULL, 0, '', '', NULL, 0, 0, '2019-07-12 11:37:36', '2019-07-12 11:37:36', NULL),
(126, 3, 'Riya Dutta', '', '22225555', '+965', 'riya123@gmail.com', '$2y$10$4fzipm2PtMdUxFCtBfv0P.AreGmxdss.1l1wHeZhrPGXSLyipk0um', 0, '', '/public/uploads/profile/1562936172.png', '', '', '', 0, '', '', 6758, 0, 0, 2, NULL, 0, '', '', NULL, 0, 0, '2019-07-12 12:56:12', '2019-07-18 13:23:38', NULL),
(127, 3, 'Manager with bcrpt_type', 'bcrypt_manager', '10928374', '+965', 'aa123@g.com', '$2y$10$bfeNyd5CJvdcypOMVVzVDu9OALproLtCAzemYRagMcCuZjtWEDMTy', 1, '', '', '', '', '', 0, '', '', 0, 0, 1, 1, NULL, 0, '', '', NULL, 0, 0, '2019-07-15 07:22:46', '2019-07-25 11:34:48', NULL),
(128, 3, 'mang1', 'new1-comp1', '12309876', '+965', 'aa213@g.com', '$2y$10$6Pf4wF2ncM1d8AxgV6rWheQ3T.uIQlBoHCJ3Mhmkl/QdnJwBcvtJW', 1, '', '1563354754.gif', 'license-new1', '', '', 1, 'registration-new1', 'new1', 0, 1, 1, 1, NULL, 1, '22.5150065', '88.3989658', NULL, 0, 0, '2019-07-15 07:25:05', '2019-07-17 09:12:34', NULL),
(129, 4, 'Neha', '', '90890711', '+965', 'neha@gg.com', '$2y$10$pfYjEuEv6t5.O0KPQ7O6A.hSsIjCp3bULzbAaz7t0fwkPeCXaWXF.', 0, '', '', '', '', '', 0, '$2y$10$jok/dtufS3bgJM/n41KkGeApM9nVqlmZdSSGvlXOrzEWJysq9H.jq', '', 9037, 0, 0, 0, NULL, 0, '', '', NULL, 0, 0, '2019-07-15 08:35:30', '2019-07-15 08:35:30', NULL),
(130, 4, 'Neha', '', '90890722', '+965', 'neha@gg.com', '$2y$10$NI.vGFIx4zrs6XukMe.jrO3XYhorDmeqG8ohfVT9/BkrBS2tuanw6', 0, '', '', '', '', '', 0, '$2y$10$Qm/.k4jSHCJm.40KQEUf1.4B5g1cMzXyCCm.saqPISvgU1aS.AbEW', '', 2168, 0, 0, 0, NULL, 0, '', '', NULL, 0, 0, '2019-07-15 08:36:17', '2019-07-15 08:36:17', NULL),
(131, 4, 'Neha', '', '90890723', '+965', 'neha@gg.com', '$2y$10$EfDf89oEz0eUKvS56V4tJeJKQD3hQvWvovfrezVcyt9QWARd04/1u', 0, '', '', '', '', '', 0, '$2y$10$EwUwazWfqKq4wEI3YQaFZecLrxw0Rnm90eTIcLaorWvY/i/fYPR/q', '', 6680, 0, 0, 0, NULL, 0, '', '', NULL, 0, 0, '2019-07-15 08:37:08', '2019-07-15 08:37:08', NULL),
(132, 3, 'er', 'edw', '22222288', '+965', 'aa76@g.com', '$2y$10$WRVlr4W5EUrF2Rh0VDmWyucBTizVb/0QkC3cJMW4chkCl5ujAXAGe', 1, '', '1564058401.png', 'license-new1234', '', '', 1, 'reg1234', 'qw', 0, 1, 1, 1, NULL, 0, '', '', NULL, 0, 0, '2019-07-16 07:43:24', '2019-07-25 13:39:11', NULL),
(133, 4, 'dewqe', 'ABC Company1', '22222444', '+965', 'aa52@g.com', '$2y$10$gTfTRx6y.0aZXAp8fztuy.ZIx.vGjUuhIo33NHW3tJ5rSa/wKRVFe', 2, '', '1563267620.png', 'drv-12345', '', '', 0, 'reg123', 'red', 0, 1, 1, 1, NULL, 0, '', '', NULL, 1, 0, '2019-07-16 09:00:20', '2019-07-16 10:44:16', NULL),
(134, 4, 'gdf', 'ABC Company1', '22222223', '+965', 'aa67@g.com', '$2y$10$011ZyujfYJ/cfTrvKvK0zOeXu7pee5UzrvehmQtF6g8BvqBz3i7em', 2, '', '1563271050.png', 'license123', '', '', 3, 'reg12', 'ghf', 0, 1, 1, 1, NULL, 0, '', '', NULL, 1, 0, '2019-07-16 09:34:49', '2019-08-02 09:38:57', NULL),
(135, 3, 'gdf-drive-manager', 'AZC-manager--1', '22222200', '+965', 'aa_123@g.com', '$2y$10$jtJNVEKGAqo0H.fUvOHZj.DIWKdzQqv3rgvRDN.a0PLdBvoRa1Xia', 1, '', '', '', '', '', 0, '', '', 0, 0, 1, 1, NULL, 0, '', '', '', 0, 0, '2019-07-16 10:15:39', '2019-07-25 06:38:51', NULL),
(136, 4, 'new_company1', 'ABC Company1', '32145098', '+965', 'sw@gmail.com', '$2y$10$SqE9xTVyKzouPg1c09j7U.87U5zQ/vwcv0.buJpxl8cwc9Cp7Ka62', 2, '', '1563360016.png', '4567890ui', '', '', 2, 'sdewr', 'ert', 0, 1, 1, 1, NULL, 0, '', '', NULL, 0, 0, '2019-07-17 10:40:17', '2019-07-17 10:40:54', NULL),
(138, 4, 'Neha', '', '99887766', '+965', 'neha@gg.com', '$2y$10$CeiT/XCR1zlNjzozdg1h6OV/wHZ9CFyAZXwas1EENpXWtN5wkQrzW', 27, '', '1564485474.png', '', '', '', 0, '', '', 5545, 0, 1, 1, NULL, 0, '', '', NULL, 0, 0, '2019-07-29 10:02:05', '2019-07-30 11:17:55', NULL),
(139, 5, 'Neha', '', '99887763', '+965', 'neha@gg.com', '$2y$10$Rr1f1IZMKAC.RoQdyF6yqe1eYKayqQVPFhjgY0QNpdi4cyugQjMCm', 0, '', '', '', '', '', 0, '', '', 2114, 0, 0, 1, '0.0', 0, '', '', NULL, 0, 0, '2019-07-30 07:04:02', '2019-07-30 07:04:02', NULL),
(140, 3, 'fr', 'ww', '34215678', '+965', 'aa@g.com', '$2y$10$TlzTocdvuGwnFNgk8u6S1.Ny79YEWr88IfrbwZZ1V8Yui4gesusMi', 1, '', '', '', '', '', 1, '', '', 0, 0, 1, 1, '0.0', 0, '', '', NULL, 0, 0, '2019-07-30 07:31:33', '2019-07-30 07:31:33', NULL),
(141, 3, 'wewq', 'qwq', '43509876', '+965', 'aa98@g.com', '$2y$10$/wShY/dTQ35Bd3x35jF.8.PMg5imVMkkHgujjRSX8NNKAhW18/pau', 1, '', '', '', '', '', 0, '', '', 0, 0, 1, 1, '0.0', 0, '', '', NULL, 0, 0, '2019-07-30 07:48:53', '2019-08-02 06:37:53', NULL),
(142, 2, 'w2w', '', '22222242', '+965', 'aa@g.com', '$2y$10$r5Wm9B2vBgpude0YaIK1xu3jpJqBySOLeqiKdUWu6HFG9uN7lGr3C', 1, '', '', '', '', '', 0, '', '', 0, 0, 1, 1, '0.0', 0, '', '', NULL, 0, 0, '2019-07-30 08:32:22', '2019-07-30 08:32:22', NULL),
(143, 3, 'Riya Dutta', 'rpyt', '22225578', '+965', 'riya.dutta@gmail.com', '$2y$10$k/PusOoULiCaVyllHeizOOyXedEMXH.bsg4oCnCMrGLd0nbcli2hO', 0, '', '', '', '', '', 0, '', '', 6937, 0, 0, 1, '0.0', 0, '', '', NULL, 0, 0, '2019-07-30 13:09:42', '2019-08-02 08:40:54', NULL),
(144, 5, 'Neha', '', '99887700', '+965', 'neha00@gg.com', '$2y$10$FCsMnb2QsrrjT2Ero2rGkeM6gAVSPN14jdVcemjb0bUk6FRXVVgZi', 0, '', '', '', '', '', 0, '', '', 4267, 0, 1, 1, '0.0', 0, '', '', NULL, 0, 0, '2019-07-31 05:41:27', '2019-07-31 05:43:05', NULL),
(145, 3, 'Riya Dutta', 'wrt', '22225551', '+965', 'riya0@gmail.com', '$2y$10$JbUCCaJVmsK8piLkHrp0VOEfxI/w/guhQMSDZq2HwcTdL9OCI9ep6', 0, '', '', '', '', '', 0, '', '', 5850, 0, 0, 0, '0.0', 0, '', '', NULL, 0, 0, '2019-07-31 08:43:56', '2019-07-31 08:43:56', NULL),
(146, 5, 'Neha', '', '99887765', '+965', 'neha3@gg.com', '$2y$10$SqmgFDBU1So.NT/HbOWl5uybOdosRzQMZ.mPX2ij8KO/k3z7oLPUe', 0, '', '', '', '', '', 0, '', '', 4061, 0, 0, 1, '0.0', 0, '', '', NULL, 0, 0, '2019-07-31 11:15:33', '2019-07-31 11:15:33', NULL),
(147, 5, 'Riya Dutta', '', '22225550', '+965', '', '$2y$10$phSs/45bsV1OXtBECzHAbuEil3ldBHBbNexLdnBz5VW6lew5Ewvxa', 0, '', '', '', '', '', 0, '', '', 6721, 0, 0, 1, '0.0', 0, '', '', NULL, 0, 0, '2019-08-02 11:44:53', '2019-08-02 11:44:53', NULL),
(148, 5, 'Riya Dutta', '', '22225552', '+965', '', '$2y$10$dDt70ztE055lqosCwlJXG.CevRhz2ehWbIdXWwUhBH4uvj3jygro6', 0, '', '', '', '', '', 0, '', '', 2150, 0, 0, 1, '0.0', 0, '', '', NULL, 0, 0, '2019-08-02 11:52:04', '2019-08-02 11:52:04', NULL),
(149, 5, 'Neha', '', '90890732', '+965', 'neha@gg.com', '$2y$10$CUKEbhqVRSI4TelbX6oWRuUwQ2gzRa.g0.Jv2w.QV8mPHX2TxQ5NS', 2, '', '1564987579.png', '', '', '', 0, '', '', 0, 0, 1, 1, NULL, 2, '22.5689439', '88.4288806', NULL, 0, 0, '2019-07-11 13:58:08', '2019-08-05 06:46:20', NULL),
(150, 3, 'Neha', '', '99887766', '+965', 'neha@gg.com', '$2y$10$CeiT/XCR1zlNjzozdg1h6OV/wHZ9CFyAZXwas1EENpXWtN5wkQrzW', 27, '', '1564485474.png', '', '', '', 0, '', '', 5545, 1, 1, 1, NULL, 0, '', '', NULL, 0, 0, '2019-07-29 10:02:05', '2019-07-30 11:17:55', NULL),
(151, 3, 'mang1', 'new1-comp1', '12309876', '+965', 'aa213@g.com', '$2y$10$6Pf4wF2ncM1d8AxgV6rWheQ3T.uIQlBoHCJ3Mhmkl/QdnJwBcvtJW', 1, '', '1563354754.gif', 'license-new1', '', '', 1, 'registration-new1', 'new1', 0, 1, 1, 1, NULL, 1, '22.5150065', '88.3989658', NULL, 0, 0, '2019-07-15 07:25:05', '2019-07-17 09:12:34', NULL),
(157, 3, 'Riya Dutta', 'wrt', '22225566', '+965', 'riya12@gmail.com', '$2y$10$3RcGrNbmh/gYAL51yPx3COd8F9xmtSx86GxiHqnqS0lv/Je179tLK', 0, '1565784744.png', '', '', '1565784744.png', '1565784744.png', 0, '', '', 1609, 1, 0, 0, '0.0', 0, '', '', NULL, 0, 0, '2019-08-14 12:12:24', '2019-08-14 12:12:24', NULL),
(158, 3, 'Riya Dutta', 'wrt', '22225567', '+965', 'riya1234@gmail.com', '$2y$10$TBhtqPPkoH1IiN22ZKp91OqPB6sWaVvjtAHAOU9fnM9Uc6gYvB04G', 0, '', '', '', '', '', 0, '', '', 9783, 0, 0, 0, '0.0', 0, '', '', NULL, 0, 0, '2019-08-14 12:13:31', '2019-08-14 12:13:31', NULL),
(159, 5, 'Riya Dutta', '', '22225577', '+965', 'riya_dutta77@gmail.com', '$2y$10$iCl/v/k/D9g0VjrkQR7WtufBMLflscGgo8XTVposaEr2vVFwnuRzG', 0, '', '', '', '', '', 0, '', '', 9109, 0, 0, 1, '0.0', 0, '', '', NULL, 0, 0, '2019-08-14 13:39:40', '2019-08-14 13:39:40', NULL);

-- --------------------------------------------------------

--
-- Table structure for table `cca_user_addresses`
--

CREATE TABLE `cca_user_addresses` (
  `user_address_id` int(11) NOT NULL,
  `user_id` int(11) NOT NULL,
  `area` varchar(255) NOT NULL,
  `address_lat` varchar(255) NOT NULL,
  `address_lon` varchar(255) NOT NULL,
  `block` varchar(255) NOT NULL,
  `street` varchar(255) NOT NULL,
  `avenue` varchar(255) NOT NULL,
  `building_no` varchar(255) NOT NULL,
  `building_type` int(11) NOT NULL,
  `is_register_data` smallint(6) NOT NULL,
  `is_default` int(11) NOT NULL DEFAULT 0 COMMENT '0->not default;1->default',
  `created_at` datetime NOT NULL,
  `updated_at` datetime NOT NULL,
  `is_deleted` int(11) NOT NULL,
  `deleted_at` datetime DEFAULT NULL
) ENGINE=InnoDB DEFAULT CHARSET=latin1;

--
-- Dumping data for table `cca_user_addresses`
--

INSERT INTO `cca_user_addresses` (`user_address_id`, `user_id`, `area`, `address_lat`, `address_lon`, `block`, `street`, `avenue`, `building_no`, `building_type`, `is_register_data`, `is_default`, `created_at`, `updated_at`, `is_deleted`, `deleted_at`) VALUES
(3, 117, 'Riya Dutta', '97.89023', '76.7890', '2nd', 'nwjhh', '', 'wert54', 2, 0, 1, '0000-00-00 00:00:00', '0000-00-00 00:00:00', 0, '0000-00-00 00:00:00'),
(4, 118, 'Neha', '34.898054', '78.769', '3', 'df', '', 'ty67', 3, 0, 1, '2019-07-11 11:59:18', '2019-07-11 11:59:18', 0, '0000-00-00 00:00:00'),
(5, 119, 'Neha', '34.898054', '78.769', '3', 'df', '', 'ty67', 3, 0, 1, '2019-07-11 12:00:42', '2019-07-11 12:00:42', 0, '0000-00-00 00:00:00'),
(6, 120, 'Neha', '34.898054', '78.769', '3', 'df', '', 'ty67', 3, 0, 1, '2019-07-11 12:01:38', '2019-07-11 12:01:38', 0, '0000-00-00 00:00:00'),
(7, 121, 'Riya Dutta', '97.89023', '76.7890', '2nd', 'nwjhh', '', 'wert54', 2, 0, 1, '2019-07-11 13:28:09', '2019-07-11 13:28:09', 0, '0000-00-00 00:00:00'),
(8, 122, 'Neha', '34.898054', '78.769', '3', 'df', '', 'ty67', 3, 0, 1, '2019-07-11 13:55:42', '2019-07-11 13:55:42', 0, '0000-00-00 00:00:00'),
(9, 2, 'kolkata', '90.23456', '72.9878', '1st', 'vivekananda', 'jp', '23', 2, 1, 0, '2019-07-11 13:58:08', '2019-07-17 12:48:14', 0, '2019-07-17 12:48:14'),
(10, 124, 'Neha', '34.898054', '78.769', '3', 'df', '', 'ty67', 3, 0, 1, '2019-07-12 11:35:49', '2019-07-12 11:35:49', 0, '0000-00-00 00:00:00'),
(11, 125, 'Neha', '34.898054', '78.769', '3', 'df', '', 'ty67', 3, 0, 1, '2019-07-12 11:37:36', '2019-07-12 11:37:36', 0, '0000-00-00 00:00:00'),
(12, 126, 'Riya Dutta', '97.89023', '76.7890', '2nd', 'nwjhh', '', 'wert54', 2, 0, 1, '2019-07-12 12:56:12', '2019-07-12 12:56:12', 0, '0000-00-00 00:00:00'),
(13, 129, 'Neha', '34.898054', '78.769', '3', 'df', '', 'ty67', 3, 0, 1, '2019-07-15 08:35:31', '2019-07-15 08:35:31', 0, '0000-00-00 00:00:00'),
(14, 130, 'Neha', '34.898054', '78.769', '3', 'df', '', 'ty67', 3, 0, 1, '2019-07-15 08:36:17', '2019-07-15 08:36:17', 0, '0000-00-00 00:00:00'),
(15, 131, 'Neha', '34.898054', '78.769', '3', 'df', '', 'ty67', 3, 0, 1, '2019-07-15 08:37:08', '2019-07-15 08:37:08', 0, '0000-00-00 00:00:00'),
(22, 123, 'Hydrabad', '92.23456', '52.9878', '2nd', 'street1', 'ap-1', '123', 1, 0, 0, '0000-00-00 00:00:00', '2019-07-17 12:48:14', 0, '2019-07-17 12:48:14'),
(23, 123, 'Channai', '92.23456', '52.9878', '2nd', 'street1', 'ap-1', '123', 1, 0, 0, '2019-07-15 13:38:13', '2019-07-17 12:48:14', 0, '2019-07-17 12:48:14'),
(24, 123, 'Channai', '92.23456', '52.9878', '2nd', 'street1', 'ap-1', '123', 1, 0, 0, '2019-07-16 05:41:17', '2019-07-17 12:48:14', 0, '2019-07-17 12:48:14'),
(25, 123, 'Channai', '92.23456', '52.9878', '2nd', 'street1', 'ap-1', '123', 1, 0, 0, '2019-07-16 05:43:27', '2019-07-17 12:48:14', 0, '2019-07-17 12:48:14'),
(26, 123, 'Channai -add', '82.23456', '62.9878', '2nd-add', 'street1-add', 'ap-1-add', '123-add', 2, 0, 0, '2019-07-17 12:04:48', '2019-07-17 13:24:31', 1, '2019-07-17 13:24:31'),
(27, 123, 'Channai-edit', '102.23456', '82.9878', '2nd-edit', 'street1-edit', 'ap-edit', '1234', 1, 0, 0, '2019-07-17 12:06:38', '2019-07-17 13:22:19', 1, '2019-07-17 13:22:19'),
(28, 138, 'kolkata', '90.23456', '72.9878', '1st', 'vivekananda-edit', 'jp--edit', '23', 2, 1, 0, '2019-07-29 10:02:05', '2019-07-30 11:45:32', 0, '0000-00-00 00:00:00');

-- --------------------------------------------------------

--
-- Table structure for table `cca_user_payments`
--

CREATE TABLE `cca_user_payments` (
  `payment_id` int(11) NOT NULL,
  `user_id` int(11) NOT NULL,
  `payer_id` int(11) NOT NULL,
  `pay_amount` float NOT NULL,
  `pay_type` varchar(255) NOT NULL,
  `pay_date` date NOT NULL,
  `is_blocked` int(11) NOT NULL DEFAULT 0,
  `is_deleted` int(11) NOT NULL DEFAULT 0,
  `created_at` date NOT NULL,
  `updated_at` date NOT NULL
) ENGINE=InnoDB DEFAULT CHARSET=latin1;

-- --------------------------------------------------------

--
-- Table structure for table `cca_user_rating`
--

CREATE TABLE `cca_user_rating` (
  `rating_id` int(11) NOT NULL,
  `consignment_id` int(11) NOT NULL,
  `user_id` int(11) NOT NULL,
  `driver_id` int(11) NOT NULL,
  `rating` int(11) NOT NULL,
  `created_at` datetime NOT NULL,
  `updated_at` datetime NOT NULL,
  `deleted_at` datetime DEFAULT NULL
) ENGINE=InnoDB DEFAULT CHARSET=latin1;

-- --------------------------------------------------------

--
-- Table structure for table `cca_user_service_area_except`
--

CREATE TABLE `cca_user_service_area_except` (
  `user_service_area_except_id` int(11) NOT NULL,
  `service_area_id` int(11) NOT NULL,
  `user_id` int(11) NOT NULL,
  `is_deleted` smallint(6) NOT NULL DEFAULT 0,
  `created_at` datetime NOT NULL,
  `updated_at` datetime NOT NULL,
  `deleted_at` datetime DEFAULT NULL
) ENGINE=InnoDB DEFAULT CHARSET=latin1;

--
-- Dumping data for table `cca_user_service_area_except`
--

INSERT INTO `cca_user_service_area_except` (`user_service_area_except_id`, `service_area_id`, `user_id`, `is_deleted`, `created_at`, `updated_at`, `deleted_at`) VALUES
(1, 2, 2, 0, '2019-07-11 13:58:08', '2019-07-05 05:10:05', NULL),
(2, 5, 123, 0, '2019-07-11 13:58:08', '2019-07-05 05:10:05', NULL);

-- --------------------------------------------------------

--
-- Table structure for table `cca_vehical_type_languages`
--

CREATE TABLE `cca_vehical_type_languages` (
  `vehical_type_language_id` int(11) NOT NULL,
  `vehical_type_id` int(11) NOT NULL,
  `language_id` int(11) NOT NULL,
  `type` varchar(255) CHARACTER SET utf8mb4 COLLATE utf8mb4_unicode_ci NOT NULL,
  `is_blocked` smallint(6) NOT NULL DEFAULT 0,
  `is_deleted` int(11) NOT NULL,
  `created_at` datetime NOT NULL,
  `updated_at` datetime NOT NULL,
  `deleted_at` datetime DEFAULT NULL
) ENGINE=InnoDB DEFAULT CHARSET=latin1;

--
-- Dumping data for table `cca_vehical_type_languages`
--

INSERT INTO `cca_vehical_type_languages` (`vehical_type_language_id`, `vehical_type_id`, `language_id`, `type`, `is_blocked`, `is_deleted`, `created_at`, `updated_at`, `deleted_at`) VALUES
(1, 1, 1, '2 wheeler', 0, 0, '2019-07-05 04:06:12', '2019-07-05 03:04:09', '0000-00-00 00:00:00'),
(2, 2, 2, 'type2', 0, 0, '2019-07-05 02:07:06', '2019-07-05 05:10:05', '0000-00-00 00:00:00'),
(3, 1, 1, '4wheeler', 0, 0, '2019-07-05 04:06:12', '2019-07-05 03:04:09', '0000-00-00 00:00:00');

-- --------------------------------------------------------

--
-- Table structure for table `cca_vehicle_types`
--

CREATE TABLE `cca_vehicle_types` (
  `vehicle_type_id` int(11) NOT NULL,
  `is_deleted` int(11) NOT NULL DEFAULT 0,
  `is_blocked` int(11) NOT NULL DEFAULT 0,
  `created_at` datetime NOT NULL,
  `updated_at` datetime NOT NULL,
  `deleted_at` datetime DEFAULT NULL
) ENGINE=InnoDB DEFAULT CHARSET=latin1;

--
-- Indexes for dumped tables
--

--
-- Indexes for table `cca_access_token`
--
ALTER TABLE `cca_access_token`
  ADD PRIMARY KEY (`token_id`);

--
-- Indexes for table `cca_building_types`
--
ALTER TABLE `cca_building_types`
  ADD PRIMARY KEY (`building_type_id`);

--
-- Indexes for table `cca_building_type_languages`
--
ALTER TABLE `cca_building_type_languages`
  ADD PRIMARY KEY (`building_type_language_id`);

--
-- Indexes for table `cca_consignments`
--
ALTER TABLE `cca_consignments`
  ADD PRIMARY KEY (`consignment_id`);

--
-- Indexes for table `cca_consignment_rejects`
--
ALTER TABLE `cca_consignment_rejects`
  ADD PRIMARY KEY (`consignment_reject_id`);

--
-- Indexes for table `cca_contacts`
--
ALTER TABLE `cca_contacts`
  ADD PRIMARY KEY (`contact_id`);

--
-- Indexes for table `cca_contact_types`
--
ALTER TABLE `cca_contact_types`
  ADD PRIMARY KEY (`contact_type_id`);

--
-- Indexes for table `cca_delivery_addresses`
--
ALTER TABLE `cca_delivery_addresses`
  ADD PRIMARY KEY (`delivery_id`);

--
-- Indexes for table `cca_faqs`
--
ALTER TABLE `cca_faqs`
  ADD PRIMARY KEY (`faq_id`);

--
-- Indexes for table `cca_faq_languages`
--
ALTER TABLE `cca_faq_languages`
  ADD PRIMARY KEY (`faq_language_id`);

--
-- Indexes for table `cca_governerartes`
--
ALTER TABLE `cca_governerartes`
  ADD PRIMARY KEY (`governerartes_id`);

--
-- Indexes for table `cca_languages`
--
ALTER TABLE `cca_languages`
  ADD PRIMARY KEY (`language_id`);

--
-- Indexes for table `cca_master_counts`
--
ALTER TABLE `cca_master_counts`
  ADD PRIMARY KEY (`master_count_id`);

--
-- Indexes for table `cca_service_areas`
--
ALTER TABLE `cca_service_areas`
  ADD PRIMARY KEY (`service_area_id`);

--
-- Indexes for table `cca_setting`
--
ALTER TABLE `cca_setting`
  ADD PRIMARY KEY (`setting_id`);

--
-- Indexes for table `cca_term_conditions`
--
ALTER TABLE `cca_term_conditions`
  ADD PRIMARY KEY (`term_condition_id`);

--
-- Indexes for table `cca_term_condition_languages`
--
ALTER TABLE `cca_term_condition_languages`
  ADD PRIMARY KEY (`term_condition_language_id`);

--
-- Indexes for table `cca_users`
--
ALTER TABLE `cca_users`
  ADD PRIMARY KEY (`user_id`);

--
-- Indexes for table `cca_user_addresses`
--
ALTER TABLE `cca_user_addresses`
  ADD PRIMARY KEY (`user_address_id`);

--
-- Indexes for table `cca_user_payments`
--
ALTER TABLE `cca_user_payments`
  ADD PRIMARY KEY (`payment_id`);

--
-- Indexes for table `cca_user_rating`
--
ALTER TABLE `cca_user_rating`
  ADD PRIMARY KEY (`rating_id`);

--
-- Indexes for table `cca_user_service_area_except`
--
ALTER TABLE `cca_user_service_area_except`
  ADD PRIMARY KEY (`user_service_area_except_id`);

--
-- Indexes for table `cca_vehical_type_languages`
--
ALTER TABLE `cca_vehical_type_languages`
  ADD PRIMARY KEY (`vehical_type_language_id`);

--
-- Indexes for table `cca_vehicle_types`
--
ALTER TABLE `cca_vehicle_types`
  ADD PRIMARY KEY (`vehicle_type_id`);

--
-- AUTO_INCREMENT for dumped tables
--

--
-- AUTO_INCREMENT for table `cca_access_token`
--
ALTER TABLE `cca_access_token`
  MODIFY `token_id` int(11) NOT NULL AUTO_INCREMENT, AUTO_INCREMENT=94;

--
-- AUTO_INCREMENT for table `cca_building_types`
--
ALTER TABLE `cca_building_types`
  MODIFY `building_type_id` int(11) NOT NULL AUTO_INCREMENT, AUTO_INCREMENT=5;

--
-- AUTO_INCREMENT for table `cca_building_type_languages`
--
ALTER TABLE `cca_building_type_languages`
  MODIFY `building_type_language_id` int(11) NOT NULL AUTO_INCREMENT, AUTO_INCREMENT=11;

--
-- AUTO_INCREMENT for table `cca_consignments`
--
ALTER TABLE `cca_consignments`
  MODIFY `consignment_id` int(11) UNSIGNED NOT NULL AUTO_INCREMENT, AUTO_INCREMENT=135;

--
-- AUTO_INCREMENT for table `cca_consignment_rejects`
--
ALTER TABLE `cca_consignment_rejects`
  MODIFY `consignment_reject_id` int(11) NOT NULL AUTO_INCREMENT, AUTO_INCREMENT=6;

--
-- AUTO_INCREMENT for table `cca_contacts`
--
ALTER TABLE `cca_contacts`
  MODIFY `contact_id` int(10) UNSIGNED NOT NULL AUTO_INCREMENT, AUTO_INCREMENT=2;

--
-- AUTO_INCREMENT for table `cca_contact_types`
--
ALTER TABLE `cca_contact_types`
  MODIFY `contact_type_id` int(11) UNSIGNED NOT NULL AUTO_INCREMENT, AUTO_INCREMENT=4;

--
-- AUTO_INCREMENT for table `cca_delivery_addresses`
--
ALTER TABLE `cca_delivery_addresses`
  MODIFY `delivery_id` int(11) UNSIGNED NOT NULL AUTO_INCREMENT, AUTO_INCREMENT=246;

--
-- AUTO_INCREMENT for table `cca_faqs`
--
ALTER TABLE `cca_faqs`
  MODIFY `faq_id` int(11) UNSIGNED NOT NULL AUTO_INCREMENT, AUTO_INCREMENT=13;

--
-- AUTO_INCREMENT for table `cca_faq_languages`
--
ALTER TABLE `cca_faq_languages`
  MODIFY `faq_language_id` int(11) UNSIGNED NOT NULL AUTO_INCREMENT, AUTO_INCREMENT=25;

--
-- AUTO_INCREMENT for table `cca_governerartes`
--
ALTER TABLE `cca_governerartes`
  MODIFY `governerartes_id` int(11) NOT NULL AUTO_INCREMENT, AUTO_INCREMENT=7;

--
-- AUTO_INCREMENT for table `cca_languages`
--
ALTER TABLE `cca_languages`
  MODIFY `language_id` int(11) UNSIGNED NOT NULL AUTO_INCREMENT, AUTO_INCREMENT=3;

--
-- AUTO_INCREMENT for table `cca_master_counts`
--
ALTER TABLE `cca_master_counts`
  MODIFY `master_count_id` int(11) NOT NULL AUTO_INCREMENT, AUTO_INCREMENT=6;

--
-- AUTO_INCREMENT for table `cca_service_areas`
--
ALTER TABLE `cca_service_areas`
  MODIFY `service_area_id` int(11) UNSIGNED NOT NULL AUTO_INCREMENT, AUTO_INCREMENT=6;

--
-- AUTO_INCREMENT for table `cca_setting`
--
ALTER TABLE `cca_setting`
  MODIFY `setting_id` int(11) NOT NULL AUTO_INCREMENT, AUTO_INCREMENT=2;

--
-- AUTO_INCREMENT for table `cca_term_conditions`
--
ALTER TABLE `cca_term_conditions`
  MODIFY `term_condition_id` int(11) UNSIGNED NOT NULL AUTO_INCREMENT, AUTO_INCREMENT=2;

--
-- AUTO_INCREMENT for table `cca_term_condition_languages`
--
ALTER TABLE `cca_term_condition_languages`
  MODIFY `term_condition_language_id` int(11) UNSIGNED NOT NULL AUTO_INCREMENT, AUTO_INCREMENT=7;

--
-- AUTO_INCREMENT for table `cca_users`
--
ALTER TABLE `cca_users`
  MODIFY `user_id` int(11) UNSIGNED NOT NULL AUTO_INCREMENT, AUTO_INCREMENT=160;

--
-- AUTO_INCREMENT for table `cca_user_addresses`
--
ALTER TABLE `cca_user_addresses`
  MODIFY `user_address_id` int(11) NOT NULL AUTO_INCREMENT, AUTO_INCREMENT=30;

--
-- AUTO_INCREMENT for table `cca_user_payments`
--
ALTER TABLE `cca_user_payments`
  MODIFY `payment_id` int(11) NOT NULL AUTO_INCREMENT;

--
-- AUTO_INCREMENT for table `cca_user_rating`
--
ALTER TABLE `cca_user_rating`
  MODIFY `rating_id` int(11) NOT NULL AUTO_INCREMENT;

--
-- AUTO_INCREMENT for table `cca_user_service_area_except`
--
ALTER TABLE `cca_user_service_area_except`
  MODIFY `user_service_area_except_id` int(11) NOT NULL AUTO_INCREMENT, AUTO_INCREMENT=3;

--
-- AUTO_INCREMENT for table `cca_vehical_type_languages`
--
ALTER TABLE `cca_vehical_type_languages`
  MODIFY `vehical_type_language_id` int(11) NOT NULL AUTO_INCREMENT, AUTO_INCREMENT=4;

--
-- AUTO_INCREMENT for table `cca_vehicle_types`
--
ALTER TABLE `cca_vehicle_types`
  MODIFY `vehicle_type_id` int(11) NOT NULL AUTO_INCREMENT;
COMMIT;

/*!40101 SET CHARACTER_SET_CLIENT=@OLD_CHARACTER_SET_CLIENT */;
/*!40101 SET CHARACTER_SET_RESULTS=@OLD_CHARACTER_SET_RESULTS */;
/*!40101 SET COLLATION_CONNECTION=@OLD_COLLATION_CONNECTION */;
